LCLid,stdorToU,DateTime,KWH/hh (per half hour) ,Acorn,Acorn_grouped
MAC000002,Std,2012-10-12 00:30:00.0000000, 0 ,ACORN-A,Affluent
MAC000002,Std,2012-10-12 01:00:00.0000000, 0 ,ACORN-A,Affluent
MAC000002,Std,2012-10-12 01:30:00.0000000, 0 ,ACORN-A,Affluent
MAC000002,Std,2012-10-12 02:00:00.0000000, 0 ,ACORN-A,Affluent
MAC000002,Std,2012-10-12 02:30:00.0000000, 0 ,ACORN-A,Affluent
MAC000002,Std,2012-10-12 03:00:00.0000000, 0 ,ACORN-A,Affluent
MAC000002,Std,2012-10-12 03:30:00.0000000, 0 ,ACORN-A,Affluent
MAC000002,Std,2012-10-12 04:00:00.0000000, 0 ,ACORN-A,Affluent
MAC000002,Std,2012-10-12 04:30:00.0000000, 0 ,ACORN-A,Affluent
MAC000002,Std,2012-10-12 05:00:00.0000000, 0 ,ACORN-A,Affluent
MAC000002,Std,2012-10-12 05:30:00.0000000, 0 ,ACORN-A,Affluent
MAC000002,Std,2012-10-12 06:00:00.0000000, 0 ,ACORN-A,Affluent
MAC000002,Std,2012-10-12 06:30:00.0000000, 0 ,ACORN-A,Affluent
MAC000002,Std,2012-10-12 07:00:00.0000000, 0 ,ACORN-A,Affluent
MAC000002,Std,2012-10-12 07:30:00.0000000, 0 ,ACORN-A,Affluent
MAC000002,Std,2012-10-12 08:00:00.0000000, 0 ,ACORN-A,Affluent
MAC000002,Std,2012-10-12 08:30:00.0000000, 0 ,ACORN-A,Affluent
MAC000002,Std,2012-10-12 09:00:00.0000000, 0 ,ACORN-A,Affluent
MAC000002,Std,2012-10-12 09:30:00.0000000, 0 ,ACORN-A,Affluent
MAC000002,Std,2012-10-12 10:00:00.0000000, 0 ,ACORN-A,Affluent
MAC000002,Std,2012-10-12 10:30:00.0000000, 0 ,ACORN-A,Affluent
MAC000002,Std,2012-10-12 11:30:00.0000000, 0.143 ,ACORN-A,Affluent
MAC000002,Std,2012-10-12 12:00:00.0000000, 0.663 ,ACORN-A,Affluent
MAC000002,Std,2012-10-12 12:30:00.0000000, 0.256 ,ACORN-A,Affluent
MAC000002,Std,2012-10-12 13:00:00.0000000, 0.155 ,ACORN-A,Affluent
MAC000002,Std,2012-10-12 13:30:00.0000000, 0.199 ,ACORN-A,Affluent
MAC000002,Std,2012-10-12 14:00:00.0000000, 0.125 ,ACORN-A,Affluent
MAC000002,Std,2012-10-12 14:30:00.0000000, 0.165 ,ACORN-A,Affluent
MAC000002,Std,2012-10-12 15:00:00.0000000, 0.14 ,ACORN-A,Affluent
MAC000002,Std,2012-10-12 15:30:00.0000000, 0.148 ,ACORN-A,Affluent
MAC000002,Std,2012-10-12 16:00:00.0000000, 0.154 ,ACORN-A,Affluent
MAC000002,Std,2012-10-12 16:30:00.0000000, 0.137 ,ACORN-A,Affluent
MAC000002,Std,2012-10-12 17:00:00.0000000, 0.493 ,ACORN-A,Affluent
MAC000002,Std,2012-10-12 17:30:00.0000000, 0.354 ,ACORN-A,Affluent
MAC000002,Std,2012-10-12 18:00:00.0000000, 0.228 ,ACORN-A,Affluent
MAC000002,Std,2012-10-12 18:30:00.0000000, 0.195 ,ACORN-A,Affluent
MAC000002,Std,2012-10-12 19:00:00.0000000, 0.527 ,ACORN-A,Affluent
MAC000002,Std,2012-10-12 19:30:00.0000000, 0.886 ,ACORN-A,Affluent
MAC000002,Std,2012-10-12 20:00:00.0000000, 0.198 ,ACORN-A,Affluent
MAC000002,Std,2012-10-12 20:30:00.0000000, 0.243 ,ACORN-A,Affluent
MAC000002,Std,2012-10-12 21:00:00.0000000, 0.193 ,ACORN-A,Affluent
MAC000002,Std,2012-10-12 21:30:00.0000000, 0.342 ,ACORN-A,Affluent
MAC000002,Std,2012-10-12 22:00:00.0000000, 0.27 ,ACORN-A,Affluent
MAC000002,Std,2012-10-12 22:30:00.0000000, 0.325 ,ACORN-A,Affluent
MAC000002,Std,2012-10-12 23:00:00.0000000, 0.269 ,ACORN-A,Affluent
MAC000002,Std,2012-10-12 23:30:00.0000000, 0.29 ,ACORN-A,Affluent
MAC000002,Std,2012-10-13 00:00:00.0000000, 0.263 ,ACORN-A,Affluent
MAC000002,Std,2012-10-13 00:30:00.0000000, 0.269 ,ACORN-A,Affluent
MAC000002,Std,2012-10-13 01:00:00.0000000, 0.275 ,ACORN-A,Affluent
MAC000002,Std,2012-10-13 01:30:00.0000000, 0.256 ,ACORN-A,Affluent
MAC000002,Std,2012-10-13 02:00:00.0000000, 0.211 ,ACORN-A,Affluent
MAC000002,Std,2012-10-13 02:30:00.0000000, 0.136 ,ACORN-A,Affluent
MAC000002,Std,2012-10-13 03:00:00.0000000, 0.161 ,ACORN-A,Affluent
MAC000002,Std,2012-10-13 03:30:00.0000000, 0.119 ,ACORN-A,Affluent
MAC000002,Std,2012-10-13 04:00:00.0000000, 0.167 ,ACORN-A,Affluent
MAC000002,Std,2012-10-13 04:30:00.0000000, 0.109 ,ACORN-A,Affluent
MAC000002,Std,2012-10-13 05:00:00.0000000, 0.168 ,ACORN-A,Affluent
MAC000002,Std,2012-10-13 05:30:00.0000000, 0.107 ,ACORN-A,Affluent
MAC000002,Std,2012-10-13 06:00:00.0000000, 0.166 ,ACORN-A,Affluent
MAC000002,Std,2012-10-13 06:30:00.0000000, 0.117 ,ACORN-A,Affluent
MAC000002,Std,2012-10-13 07:00:00.0000000, 0.157 ,ACORN-A,Affluent
MAC000002,Std,2012-10-13 07:30:00.0000000, 0.126 ,ACORN-A,Affluent
MAC000002,Std,2012-10-13 08:00:00.0000000, 0.146 ,ACORN-A,Affluent
MAC000002,Std,2012-10-13 08:30:00.0000000, 0.106 ,ACORN-A,Affluent
MAC000002,Std,2012-10-13 09:00:00.0000000, 0.135 ,ACORN-A,Affluent
MAC000002,Std,2012-10-13 09:30:00.0000000, 0.191 ,ACORN-A,Affluent
MAC000002,Std,2012-10-13 10:00:00.0000000, 0.915 ,ACORN-A,Affluent
MAC000002,Std,2012-10-13 10:30:00.0000000, 0.933 ,ACORN-A,Affluent
MAC000002,Std,2012-10-13 11:00:00.0000000, 0.122 ,ACORN-A,Affluent
MAC000002,Std,2012-10-13 11:30:00.0000000, 0.138 ,ACORN-A,Affluent
MAC000002,Std,2012-10-13 12:00:00.0000000, 0.076 ,ACORN-A,Affluent
MAC000002,Std,2012-10-13 12:30:00.0000000, 0.133 ,ACORN-A,Affluent
MAC000002,Std,2012-10-13 13:00:00.0000000, 0.076 ,ACORN-A,Affluent
MAC000002,Std,2012-10-13 13:30:00.0000000, 0.133 ,ACORN-A,Affluent
MAC000002,Std,2012-10-13 14:00:00.0000000, 0.085 ,ACORN-A,Affluent
MAC000002,Std,2012-10-13 14:30:00.0000000, 0.263 ,ACORN-A,Affluent
MAC000002,Std,2012-10-13 15:00:00.0000000, 0.134 ,ACORN-A,Affluent
MAC000002,Std,2012-10-13 15:30:00.0000000, 0.235 ,ACORN-A,Affluent
MAC000002,Std,2012-10-13 16:00:00.0000000, 0.124 ,ACORN-A,Affluent
MAC000002,Std,2012-10-13 16:30:00.0000000, 0.184 ,ACORN-A,Affluent
MAC000002,Std,2012-10-13 17:00:00.0000000, 0.23 ,ACORN-A,Affluent
MAC000002,Std,2012-10-13 17:30:00.0000000, 0.176 ,ACORN-A,Affluent
MAC000002,Std,2012-10-13 18:00:00.0000000, 0.388 ,ACORN-A,Affluent
MAC000002,Std,2012-10-13 18:30:00.0000000, 0.26 ,ACORN-A,Affluent
MAC000002,Std,2012-10-13 19:00:00.0000000, 0.918 ,ACORN-A,Affluent
MAC000002,Std,2012-10-13 19:30:00.0000000, 0.278 ,ACORN-A,Affluent
MAC000002,Std,2012-10-13 20:00:00.0000000, 0.267 ,ACORN-A,Affluent
MAC000002,Std,2012-10-13 20:30:00.0000000, 0.239 ,ACORN-A,Affluent
MAC000002,Std,2012-10-13 21:00:00.0000000, 0.23 ,ACORN-A,Affluent
MAC000002,Std,2012-10-13 21:30:00.0000000, 0.233 ,ACORN-A,Affluent
MAC000002,Std,2012-10-13 22:00:00.0000000, 0.235 ,ACORN-A,Affluent
MAC000002,Std,2012-10-13 22:30:00.0000000, 0.188 ,ACORN-A,Affluent
MAC000002,Std,2012-10-13 23:00:00.0000000, 0.259 ,ACORN-A,Affluent
MAC000002,Std,2012-10-13 23:30:00.0000000, 0.25 ,ACORN-A,Affluent
MAC000002,Std,2012-10-14 00:00:00.0000000, 0.262 ,ACORN-A,Affluent
MAC000002,Std,2012-10-14 00:30:00.0000000, 0.166 ,ACORN-A,Affluent
MAC000002,Std,2012-10-14 01:00:00.0000000, 0.226 ,ACORN-A,Affluent
MAC000002,Std,2012-10-14 01:30:00.0000000, 0.088 ,ACORN-A,Affluent
MAC000002,Std,2012-10-14 02:00:00.0000000, 0.126 ,ACORN-A,Affluent
MAC000002,Std,2012-10-14 02:30:00.0000000, 0.082 ,ACORN-A,Affluent
MAC000002,Std,2012-10-14 03:00:00.0000000, 0.123 ,ACORN-A,Affluent
MAC000002,Std,2012-10-14 03:30:00.0000000, 0.083 ,ACORN-A,Affluent
MAC000002,Std,2012-10-14 04:00:00.0000000, 0.12 ,ACORN-A,Affluent
MAC000002,Std,2012-10-14 04:30:00.0000000, 0.079 ,ACORN-A,Affluent
MAC000002,Std,2012-10-14 05:00:00.0000000, 0.121 ,ACORN-A,Affluent
MAC000002,Std,2012-10-14 05:30:00.0000000, 0.075 ,ACORN-A,Affluent
MAC000002,Std,2012-10-14 06:00:00.0000000, 0.124 ,ACORN-A,Affluent
MAC000002,Std,2012-10-14 06:30:00.0000000, 0.073 ,ACORN-A,Affluent
MAC000002,Std,2012-10-14 07:00:00.0000000, 0.125 ,ACORN-A,Affluent
MAC000002,Std,2012-10-14 07:30:00.0000000, 0.07 ,ACORN-A,Affluent
MAC000002,Std,2012-10-14 08:00:00.0000000, 0.13 ,ACORN-A,Affluent
MAC000002,Std,2012-10-14 08:30:00.0000000, 0.108 ,ACORN-A,Affluent
MAC000002,Std,2012-10-14 09:00:00.0000000, 0.196 ,ACORN-A,Affluent
MAC000002,Std,2012-10-14 09:30:00.0000000, 0.346 ,ACORN-A,Affluent
MAC000002,Std,2012-10-14 10:00:00.0000000, 0.524 ,ACORN-A,Affluent
MAC000002,Std,2012-10-14 10:30:00.0000000, 0.076 ,ACORN-A,Affluent
MAC000002,Std,2012-10-14 11:00:00.0000000, 0.129 ,ACORN-A,Affluent
MAC000002,Std,2012-10-14 11:30:00.0000000, 0.667 ,ACORN-A,Affluent
MAC000002,Std,2012-10-14 12:00:00.0000000, 0.23 ,ACORN-A,Affluent
MAC000002,Std,2012-10-14 12:30:00.0000000, 0.22 ,ACORN-A,Affluent
MAC000002,Std,2012-10-14 13:00:00.0000000, 0.163 ,ACORN-A,Affluent
MAC000002,Std,2012-10-14 13:30:00.0000000, 0.091 ,ACORN-A,Affluent
MAC000002,Std,2012-10-14 14:00:00.0000000, 0.17 ,ACORN-A,Affluent
MAC000002,Std,2012-10-14 14:30:00.0000000, 0.11 ,ACORN-A,Affluent
MAC000002,Std,2012-10-14 15:00:00.0000000, 0.11 ,ACORN-A,Affluent
MAC000002,Std,2012-10-14 15:30:00.0000000, 0.121 ,ACORN-A,Affluent
MAC000002,Std,2012-10-14 16:00:00.0000000, 0.099 ,ACORN-A,Affluent
MAC000002,Std,2012-10-14 16:30:00.0000000, 0.157 ,ACORN-A,Affluent
MAC000002,Std,2012-10-14 17:00:00.0000000, 0.093 ,ACORN-A,Affluent
MAC000002,Std,2012-10-14 17:30:00.0000000, 0.371 ,ACORN-A,Affluent
MAC000002,Std,2012-10-14 18:00:00.0000000, 0.386 ,ACORN-A,Affluent
MAC000002,Std,2012-10-14 18:30:00.0000000, 1.085 ,ACORN-A,Affluent
MAC000002,Std,2012-10-14 19:00:00.0000000, 1.075 ,ACORN-A,Affluent
MAC000002,Std,2012-10-14 19:30:00.0000000, 0.956 ,ACORN-A,Affluent
MAC000002,Std,2012-10-14 20:00:00.0000000, 0.821 ,ACORN-A,Affluent
MAC000002,Std,2012-10-14 20:30:00.0000000, 0.745 ,ACORN-A,Affluent
MAC000002,Std,2012-10-14 21:00:00.0000000, 0.712 ,ACORN-A,Affluent
MAC000002,Std,2012-10-14 21:30:00.0000000, 0.511 ,ACORN-A,Affluent
MAC000002,Std,2012-10-14 22:00:00.0000000, 0.231 ,ACORN-A,Affluent
MAC000002,Std,2012-10-14 22:30:00.0000000, 0.21 ,ACORN-A,Affluent
MAC000002,Std,2012-10-14 23:00:00.0000000, 0.278 ,ACORN-A,Affluent
MAC000002,Std,2012-10-14 23:30:00.0000000, 0.159 ,ACORN-A,Affluent
MAC000002,Std,2012-10-15 00:00:00.0000000, 0.192 ,ACORN-A,Affluent
MAC000002,Std,2012-10-15 00:30:00.0000000, 0.097 ,ACORN-A,Affluent
MAC000002,Std,2012-10-15 01:00:00.0000000, 0.141 ,ACORN-A,Affluent
MAC000002,Std,2012-10-15 01:30:00.0000000, 0.083 ,ACORN-A,Affluent
MAC000002,Std,2012-10-15 02:00:00.0000000, 0.132 ,ACORN-A,Affluent
MAC000002,Std,2012-10-15 02:30:00.0000000, 0.07 ,ACORN-A,Affluent
MAC000002,Std,2012-10-15 03:00:00.0000000, 0.13 ,ACORN-A,Affluent
MAC000002,Std,2012-10-15 03:30:00.0000000, 0.074 ,ACORN-A,Affluent
MAC000002,Std,2012-10-15 04:00:00.0000000, 0.124 ,ACORN-A,Affluent
MAC000002,Std,2012-10-15 04:30:00.0000000, 0.078 ,ACORN-A,Affluent
MAC000002,Std,2012-10-15 05:00:00.0000000, 0.118 ,ACORN-A,Affluent
MAC000002,Std,2012-10-15 05:30:00.0000000, 0.082 ,ACORN-A,Affluent
MAC000002,Std,2012-10-15 06:00:00.0000000, 0.112 ,ACORN-A,Affluent
MAC000002,Std,2012-10-15 06:30:00.0000000, 0.087 ,ACORN-A,Affluent
MAC000002,Std,2012-10-15 07:00:00.0000000, 0.106 ,ACORN-A,Affluent
MAC000002,Std,2012-10-15 07:30:00.0000000, 0.14 ,ACORN-A,Affluent
MAC000002,Std,2012-10-15 08:00:00.0000000, 0.12 ,ACORN-A,Affluent
MAC000002,Std,2012-10-15 08:30:00.0000000, 1.075 ,ACORN-A,Affluent
MAC000002,Std,2012-10-15 09:00:00.0000000, 0.146 ,ACORN-A,Affluent
MAC000002,Std,2012-10-15 09:30:00.0000000, 0.123 ,ACORN-A,Affluent
MAC000002,Std,2012-10-15 10:00:00.0000000, 0.082 ,ACORN-A,Affluent
MAC000002,Std,2012-10-15 10:30:00.0000000, 0.127 ,ACORN-A,Affluent
MAC000002,Std,2012-10-15 11:00:00.0000000, 0.077 ,ACORN-A,Affluent
MAC000002,Std,2012-10-15 11:30:00.0000000, 0.551 ,ACORN-A,Affluent
MAC000002,Std,2012-10-15 12:00:00.0000000, 0.149 ,ACORN-A,Affluent
MAC000002,Std,2012-10-15 12:30:00.0000000, 0.129 ,ACORN-A,Affluent
MAC000002,Std,2012-10-15 13:00:00.0000000, 0.075 ,ACORN-A,Affluent
MAC000002,Std,2012-10-15 13:30:00.0000000, 0.13 ,ACORN-A,Affluent
MAC000002,Std,2012-10-15 14:00:00.0000000, 0.075 ,ACORN-A,Affluent
MAC000002,Std,2012-10-15 14:30:00.0000000, 0.129 ,ACORN-A,Affluent
MAC000002,Std,2012-10-15 15:00:00.0000000, 0.075 ,ACORN-A,Affluent
MAC000002,Std,2012-10-15 15:30:00.0000000, 0.128 ,ACORN-A,Affluent
MAC000002,Std,2012-10-15 16:00:00.0000000, 0.166 ,ACORN-A,Affluent
MAC000002,Std,2012-10-15 16:30:00.0000000, 0.194 ,ACORN-A,Affluent
MAC000002,Std,2012-10-15 17:00:00.0000000, 0.695 ,ACORN-A,Affluent
MAC000002,Std,2012-10-15 17:30:00.0000000, 0.26 ,ACORN-A,Affluent
MAC000002,Std,2012-10-15 18:00:00.0000000, 0.227 ,ACORN-A,Affluent
MAC000002,Std,2012-10-15 18:30:00.0000000, 0.255 ,ACORN-A,Affluent
MAC000002,Std,2012-10-15 19:00:00.0000000, 1.164 ,ACORN-A,Affluent
MAC000002,Std,2012-10-15 19:30:00.0000000, 0.249 ,ACORN-A,Affluent
MAC000002,Std,2012-10-15 20:00:00.0000000, 0.225 ,ACORN-A,Affluent
MAC000002,Std,2012-10-15 20:30:00.0000000, 0.258 ,ACORN-A,Affluent
MAC000002,Std,2012-10-15 21:00:00.0000000, 0.26 ,ACORN-A,Affluent
MAC000002,Std,2012-10-15 21:30:00.0000000, 0.334 ,ACORN-A,Affluent
MAC000002,Std,2012-10-15 22:00:00.0000000, 0.299 ,ACORN-A,Affluent
MAC000002,Std,2012-10-15 22:30:00.0000000, 0.236 ,ACORN-A,Affluent
MAC000002,Std,2012-10-15 23:00:00.0000000, 0.241 ,ACORN-A,Affluent
MAC000002,Std,2012-10-15 23:30:00.0000000, 0.237 ,ACORN-A,Affluent
MAC000002,Std,2012-10-16 00:00:00.0000000, 0.237 ,ACORN-A,Affluent
MAC000002,Std,2012-10-16 00:30:00.0000000, 0.237 ,ACORN-A,Affluent
MAC000002,Std,2012-10-16 01:00:00.0000000, 0.193 ,ACORN-A,Affluent
MAC000002,Std,2012-10-16 01:30:00.0000000, 0.118 ,ACORN-A,Affluent
MAC000002,Std,2012-10-16 02:00:00.0000000, 0.098 ,ACORN-A,Affluent
MAC000002,Std,2012-10-16 02:30:00.0000000, 0.107 ,ACORN-A,Affluent
MAC000002,Std,2012-10-16 03:00:00.0000000, 0.094 ,ACORN-A,Affluent
MAC000002,Std,2012-10-16 03:30:00.0000000, 0.109 ,ACORN-A,Affluent
MAC000002,Std,2012-10-16 04:00:00.0000000, 0.091 ,ACORN-A,Affluent
MAC000002,Std,2012-10-16 04:30:00.0000000, 0.105 ,ACORN-A,Affluent
MAC000002,Std,2012-10-16 05:00:00.0000000, 0.091 ,ACORN-A,Affluent
MAC000002,Std,2012-10-16 05:30:00.0000000, 0.104 ,ACORN-A,Affluent
MAC000002,Std,2012-10-16 06:00:00.0000000, 0.092 ,ACORN-A,Affluent
MAC000002,Std,2012-10-16 06:30:00.0000000, 0.103 ,ACORN-A,Affluent
MAC000002,Std,2012-10-16 07:00:00.0000000, 0.093 ,ACORN-A,Affluent
MAC000002,Std,2012-10-16 07:30:00.0000000, 0.101 ,ACORN-A,Affluent
MAC000002,Std,2012-10-16 08:00:00.0000000, 0.144 ,ACORN-A,Affluent
MAC000002,Std,2012-10-16 08:30:00.0000000, 0.1 ,ACORN-A,Affluent
MAC000002,Std,2012-10-16 09:00:00.0000000, 0.408 ,ACORN-A,Affluent
MAC000002,Std,2012-10-16 09:30:00.0000000, 0.102 ,ACORN-A,Affluent
MAC000002,Std,2012-10-16 10:00:00.0000000, 0.1 ,ACORN-A,Affluent
MAC000002,Std,2012-10-16 10:30:00.0000000, 0.116 ,ACORN-A,Affluent
MAC000002,Std,2012-10-16 11:00:00.0000000, 0.354 ,ACORN-A,Affluent
MAC000002,Std,2012-10-16 11:30:00.0000000, 0.146 ,ACORN-A,Affluent
MAC000002,Std,2012-10-16 12:00:00.0000000, 0.19 ,ACORN-A,Affluent
MAC000002,Std,2012-10-16 12:30:00.0000000, 0.991 ,ACORN-A,Affluent
MAC000002,Std,2012-10-16 13:00:00.0000000, 0.31 ,ACORN-A,Affluent
MAC000002,Std,2012-10-16 13:30:00.0000000, 0.121 ,ACORN-A,Affluent
MAC000002,Std,2012-10-16 14:00:00.0000000, 0.113 ,ACORN-A,Affluent
MAC000002,Std,2012-10-16 14:30:00.0000000, 0.094 ,ACORN-A,Affluent
MAC000002,Std,2012-10-16 15:00:00.0000000, 0.119 ,ACORN-A,Affluent
MAC000002,Std,2012-10-16 15:30:00.0000000, 0.087 ,ACORN-A,Affluent
MAC000002,Std,2012-10-16 16:00:00.0000000, 0.13 ,ACORN-A,Affluent
MAC000002,Std,2012-10-16 16:30:00.0000000, 0.238 ,ACORN-A,Affluent
MAC000002,Std,2012-10-16 17:00:00.0000000, 0.204 ,ACORN-A,Affluent
MAC000002,Std,2012-10-16 17:30:00.0000000, 0.284 ,ACORN-A,Affluent
MAC000002,Std,2012-10-16 18:00:00.0000000, 0.447 ,ACORN-A,Affluent
MAC000002,Std,2012-10-16 18:30:00.0000000, 0.266 ,ACORN-A,Affluent
MAC000002,Std,2012-10-16 19:00:00.0000000, 0.966 ,ACORN-A,Affluent
MAC000002,Std,2012-10-16 19:30:00.0000000, 0.172 ,ACORN-A,Affluent
MAC000002,Std,2012-10-16 20:00:00.0000000, 0.192 ,ACORN-A,Affluent
MAC000002,Std,2012-10-16 20:30:00.0000000, 0.228 ,ACORN-A,Affluent
MAC000002,Std,2012-10-16 21:00:00.0000000, 0.203 ,ACORN-A,Affluent
MAC000002,Std,2012-10-16 21:30:00.0000000, 0.211 ,ACORN-A,Affluent
MAC000002,Std,2012-10-16 22:00:00.0000000, 0.188 ,ACORN-A,Affluent
MAC000002,Std,2012-10-16 22:30:00.0000000, 0.213 ,ACORN-A,Affluent
MAC000002,Std,2012-10-16 23:00:00.0000000, 0.157 ,ACORN-A,Affluent
MAC000002,Std,2012-10-16 23:30:00.0000000, 0.202 ,ACORN-A,Affluent
MAC000002,Std,2012-10-17 00:00:00.0000000, 0.157 ,ACORN-A,Affluent
MAC000002,Std,2012-10-17 00:30:00.0000000, 0.211 ,ACORN-A,Affluent
MAC000002,Std,2012-10-17 01:00:00.0000000, 0.155 ,ACORN-A,Affluent
MAC000002,Std,2012-10-17 01:30:00.0000000, 0.169 ,ACORN-A,Affluent
MAC000002,Std,2012-10-17 02:00:00.0000000, 0.101 ,ACORN-A,Affluent
MAC000002,Std,2012-10-17 02:30:00.0000000, 0.117 ,ACORN-A,Affluent
MAC000002,Std,2012-10-17 03:00:00.0000000, 0.084 ,ACORN-A,Affluent
MAC000002,Std,2012-10-17 03:30:00.0000000, 0.118 ,ACORN-A,Affluent
MAC000002,Std,2012-10-17 04:00:00.0000000, 0.08 ,ACORN-A,Affluent
MAC000002,Std,2012-10-17 04:30:00.0000000, 0.119 ,ACORN-A,Affluent
MAC000002,Std,2012-10-17 05:00:00.0000000, 0.075 ,ACORN-A,Affluent
MAC000002,Std,2012-10-17 05:30:00.0000000, 0.123 ,ACORN-A,Affluent
MAC000002,Std,2012-10-17 06:00:00.0000000, 0.071 ,ACORN-A,Affluent
MAC000002,Std,2012-10-17 06:30:00.0000000, 0.126 ,ACORN-A,Affluent
MAC000002,Std,2012-10-17 07:00:00.0000000, 0.067 ,ACORN-A,Affluent
MAC000002,Std,2012-10-17 07:30:00.0000000, 0.124 ,ACORN-A,Affluent
MAC000002,Std,2012-10-17 08:00:00.0000000, 0.118 ,ACORN-A,Affluent
MAC000002,Std,2012-10-17 08:30:00.0000000, 0.132 ,ACORN-A,Affluent
MAC000002,Std,2012-10-17 09:00:00.0000000, 0.358 ,ACORN-A,Affluent
MAC000002,Std,2012-10-17 09:30:00.0000000, 0.628 ,ACORN-A,Affluent
MAC000002,Std,2012-10-17 10:00:00.0000000, 0.784 ,ACORN-A,Affluent
MAC000002,Std,2012-10-17 10:30:00.0000000, 0.681 ,ACORN-A,Affluent
MAC000002,Std,2012-10-17 11:00:00.0000000, 0.749 ,ACORN-A,Affluent
MAC000002,Std,2012-10-17 11:30:00.0000000, 0.593 ,ACORN-A,Affluent
MAC000002,Std,2012-10-17 12:00:00.0000000, 0.502 ,ACORN-A,Affluent
MAC000002,Std,2012-10-17 12:30:00.0000000, 0.115 ,ACORN-A,Affluent
MAC000002,Std,2012-10-17 13:00:00.0000000, 0.113 ,ACORN-A,Affluent
MAC000002,Std,2012-10-17 13:30:00.0000000, 0.092 ,ACORN-A,Affluent
MAC000002,Std,2012-10-17 14:00:00.0000000, 0.124 ,ACORN-A,Affluent
MAC000002,Std,2012-10-17 14:30:00.0000000, 0.084 ,ACORN-A,Affluent
MAC000002,Std,2012-10-17 15:00:00.0000000, 0.125 ,ACORN-A,Affluent
MAC000002,Std,2012-10-17 15:30:00.0000000, 0.078 ,ACORN-A,Affluent
MAC000002,Std,2012-10-17 16:00:00.0000000, 0.136 ,ACORN-A,Affluent
MAC000002,Std,2012-10-17 16:30:00.0000000, 0.227 ,ACORN-A,Affluent
MAC000002,Std,2012-10-17 17:00:00.0000000, 0.207 ,ACORN-A,Affluent
MAC000002,Std,2012-10-17 17:30:00.0000000, 0.141 ,ACORN-A,Affluent
MAC000002,Std,2012-10-17 18:00:00.0000000, 0.258 ,ACORN-A,Affluent
MAC000002,Std,2012-10-17 18:30:00.0000000, 0.217 ,ACORN-A,Affluent
MAC000002,Std,2012-10-17 19:00:00.0000000, 0.223 ,ACORN-A,Affluent
MAC000002,Std,2012-10-17 19:30:00.0000000, 0.075 ,ACORN-A,Affluent
MAC000002,Std,2012-10-17 20:00:00.0000000, 0.23 ,ACORN-A,Affluent
MAC000002,Std,2012-10-17 20:30:00.0000000, 0.208 ,ACORN-A,Affluent
MAC000002,Std,2012-10-17 21:00:00.0000000, 0.265 ,ACORN-A,Affluent
MAC000002,Std,2012-10-17 21:30:00.0000000, 0.377 ,ACORN-A,Affluent
MAC000002,Std,2012-10-17 22:00:00.0000000, 0.327 ,ACORN-A,Affluent
MAC000002,Std,2012-10-17 22:30:00.0000000, 0.277 ,ACORN-A,Affluent
MAC000002,Std,2012-10-17 23:00:00.0000000, 0.288 ,ACORN-A,Affluent
MAC000002,Std,2012-10-17 23:30:00.0000000, 0.256 ,ACORN-A,Affluent
MAC000002,Std,2012-10-18 00:00:00.0000000, 0.288 ,ACORN-A,Affluent
MAC000002,Std,2012-10-18 00:30:00.0000000, 0.259 ,ACORN-A,Affluent
MAC000002,Std,2012-10-18 01:00:00.0000000, 0.291 ,ACORN-A,Affluent
MAC000002,Std,2012-10-18 01:30:00.0000000, 0.238 ,ACORN-A,Affluent
MAC000002,Std,2012-10-18 02:00:00.0000000, 0.17 ,ACORN-A,Affluent
MAC000002,Std,2012-10-18 02:30:00.0000000, 0.116 ,ACORN-A,Affluent
MAC000002,Std,2012-10-18 03:00:00.0000000, 0.165 ,ACORN-A,Affluent
MAC000002,Std,2012-10-18 03:30:00.0000000, 0.112 ,ACORN-A,Affluent
MAC000002,Std,2012-10-18 04:00:00.0000000, 0.166 ,ACORN-A,Affluent
MAC000002,Std,2012-10-18 04:30:00.0000000, 0.109 ,ACORN-A,Affluent
MAC000002,Std,2012-10-18 05:00:00.0000000, 0.166 ,ACORN-A,Affluent
MAC000002,Std,2012-10-18 05:30:00.0000000, 0.106 ,ACORN-A,Affluent
MAC000002,Std,2012-10-18 06:00:00.0000000, 0.165 ,ACORN-A,Affluent
MAC000002,Std,2012-10-18 06:30:00.0000000, 0.102 ,ACORN-A,Affluent
MAC000002,Std,2012-10-18 07:00:00.0000000, 0.164 ,ACORN-A,Affluent
MAC000002,Std,2012-10-18 07:30:00.0000000, 0.103 ,ACORN-A,Affluent
MAC000002,Std,2012-10-18 08:00:00.0000000, 0.173 ,ACORN-A,Affluent
MAC000002,Std,2012-10-18 08:30:00.0000000, 0.145 ,ACORN-A,Affluent
MAC000002,Std,2012-10-18 09:00:00.0000000, 0.366 ,ACORN-A,Affluent
MAC000002,Std,2012-10-18 09:30:00.0000000, 0.187 ,ACORN-A,Affluent
MAC000002,Std,2012-10-18 10:00:00.0000000, 0.194 ,ACORN-A,Affluent
MAC000002,Std,2012-10-18 10:30:00.0000000, 0.19 ,ACORN-A,Affluent
MAC000002,Std,2012-10-18 11:00:00.0000000, 0.192 ,ACORN-A,Affluent
MAC000002,Std,2012-10-18 11:30:00.0000000, 0.313 ,ACORN-A,Affluent
MAC000002,Std,2012-10-18 12:00:00.0000000, 0.125 ,ACORN-A,Affluent
MAC000002,Std,2012-10-18 12:30:00.0000000, 0.139 ,ACORN-A,Affluent
MAC000002,Std,2012-10-18 13:00:00.0000000, 0.127 ,ACORN-A,Affluent
MAC000002,Std,2012-10-18 13:30:00.0000000, 0.144 ,ACORN-A,Affluent
MAC000002,Std,2012-10-18 14:00:00.0000000, 0.122 ,ACORN-A,Affluent
MAC000002,Std,2012-10-18 14:30:00.0000000, 0.149 ,ACORN-A,Affluent
MAC000002,Std,2012-10-18 15:00:00.0000000, 0.119 ,ACORN-A,Affluent
MAC000002,Std,2012-10-18 15:30:00.0000000, 0.151 ,ACORN-A,Affluent
MAC000002,Std,2012-10-18 16:00:00.0000000, 0.113 ,ACORN-A,Affluent
MAC000002,Std,2012-10-18 16:30:00.0000000, 0.154 ,ACORN-A,Affluent
MAC000002,Std,2012-10-18 17:00:00.0000000, 0.151 ,ACORN-A,Affluent
MAC000002,Std,2012-10-18 17:30:00.0000000, 0.228 ,ACORN-A,Affluent
MAC000002,Std,2012-10-18 18:00:00.0000000, 0.112 ,ACORN-A,Affluent
MAC000002,Std,2012-10-18 18:30:00.0000000, 0.185 ,ACORN-A,Affluent
MAC000002,Std,2012-10-18 19:00:00.0000000, 0.897 ,ACORN-A,Affluent
MAC000002,Std,2012-10-18 19:30:00.0000000, 0.332 ,ACORN-A,Affluent
MAC000002,Std,2012-10-18 20:00:00.0000000, 0.775 ,ACORN-A,Affluent
MAC000002,Std,2012-10-18 20:30:00.0000000, 0.716 ,ACORN-A,Affluent
MAC000002,Std,2012-10-18 21:00:00.0000000, 0.614 ,ACORN-A,Affluent
MAC000002,Std,2012-10-18 21:30:00.0000000, 0.219 ,ACORN-A,Affluent
MAC000002,Std,2012-10-18 22:00:00.0000000, 0.178 ,ACORN-A,Affluent
MAC000002,Std,2012-10-18 22:30:00.0000000, 0.193 ,ACORN-A,Affluent
MAC000002,Std,2012-10-18 23:00:00.0000000, 0.166 ,ACORN-A,Affluent
MAC000002,Std,2012-10-18 23:30:00.0000000, 0.162 ,ACORN-A,Affluent
MAC000002,Std,2012-10-19 00:00:00.0000000, 0.165 ,ACORN-A,Affluent
MAC000002,Std,2012-10-19 00:30:00.0000000, 0.154 ,ACORN-A,Affluent
MAC000002,Std,2012-10-19 01:00:00.0000000, 0.173 ,ACORN-A,Affluent
MAC000002,Std,2012-10-19 01:30:00.0000000, 0.114 ,ACORN-A,Affluent
MAC000002,Std,2012-10-19 02:00:00.0000000, 0.128 ,ACORN-A,Affluent
MAC000002,Std,2012-10-19 02:30:00.0000000, 0.082 ,ACORN-A,Affluent
MAC000002,Std,2012-10-19 03:00:00.0000000, 0.133 ,ACORN-A,Affluent
MAC000002,Std,2012-10-19 03:30:00.0000000, 0.074 ,ACORN-A,Affluent
MAC000002,Std,2012-10-19 04:00:00.0000000, 0.133 ,ACORN-A,Affluent
MAC000002,Std,2012-10-19 04:30:00.0000000, 0.072 ,ACORN-A,Affluent
MAC000002,Std,2012-10-19 05:00:00.0000000, 0.131 ,ACORN-A,Affluent
MAC000002,Std,2012-10-19 05:30:00.0000000, 0.079 ,ACORN-A,Affluent
MAC000002,Std,2012-10-19 06:00:00.0000000, 0.125 ,ACORN-A,Affluent
MAC000002,Std,2012-10-19 06:30:00.0000000, 0.086 ,ACORN-A,Affluent
MAC000002,Std,2012-10-19 07:00:00.0000000, 0.114 ,ACORN-A,Affluent
MAC000002,Std,2012-10-19 07:30:00.0000000, 0.097 ,ACORN-A,Affluent
MAC000002,Std,2012-10-19 08:00:00.0000000, 0.155 ,ACORN-A,Affluent
MAC000002,Std,2012-10-19 08:30:00.0000000, 0.235 ,ACORN-A,Affluent
MAC000002,Std,2012-10-19 09:00:00.0000000, 0.196 ,ACORN-A,Affluent
MAC000002,Std,2012-10-19 09:30:00.0000000, 0.191 ,ACORN-A,Affluent
MAC000002,Std,2012-10-19 10:00:00.0000000, 0.083 ,ACORN-A,Affluent
MAC000002,Std,2012-10-19 10:30:00.0000000, 0.119 ,ACORN-A,Affluent
MAC000002,Std,2012-10-19 11:00:00.0000000, 0.095 ,ACORN-A,Affluent
MAC000002,Std,2012-10-19 11:30:00.0000000, 0.105 ,ACORN-A,Affluent
MAC000002,Std,2012-10-19 12:00:00.0000000, 0.108 ,ACORN-A,Affluent
MAC000002,Std,2012-10-19 12:30:00.0000000, 0.09 ,ACORN-A,Affluent
MAC000002,Std,2012-10-19 13:00:00.0000000, 0.122 ,ACORN-A,Affluent
MAC000002,Std,2012-10-19 13:30:00.0000000, 0.076 ,ACORN-A,Affluent
MAC000002,Std,2012-10-19 14:00:00.0000000, 0.164 ,ACORN-A,Affluent
MAC000002,Std,2012-10-19 14:30:00.0000000, 0.167 ,ACORN-A,Affluent
MAC000002,Std,2012-10-19 15:00:00.0000000, 0.135 ,ACORN-A,Affluent
MAC000002,Std,2012-10-19 15:30:00.0000000, 0.077 ,ACORN-A,Affluent
MAC000002,Std,2012-10-19 16:00:00.0000000, 0.26 ,ACORN-A,Affluent
MAC000002,Std,2012-10-19 16:30:00.0000000, 0.13 ,ACORN-A,Affluent
MAC000002,Std,2012-10-19 17:00:00.0000000, 0.406 ,ACORN-A,Affluent
MAC000002,Std,2012-10-19 17:30:00.0000000, 0.109 ,ACORN-A,Affluent
MAC000002,Std,2012-10-19 18:00:00.0000000, 0.177 ,ACORN-A,Affluent
MAC000002,Std,2012-10-19 18:30:00.0000000, 0.263 ,ACORN-A,Affluent
MAC000002,Std,2012-10-19 19:00:00.0000000, 0.315 ,ACORN-A,Affluent
MAC000002,Std,2012-10-19 19:30:00.0000000, 0.216 ,ACORN-A,Affluent
MAC000002,Std,2012-10-19 20:00:00.0000000, 0.822 ,ACORN-A,Affluent
MAC000002,Std,2012-10-19 20:30:00.0000000, 0.322 ,ACORN-A,Affluent
MAC000002,Std,2012-10-19 21:00:00.0000000, 0.213 ,ACORN-A,Affluent
MAC000002,Std,2012-10-19 21:30:00.0000000, 0.296 ,ACORN-A,Affluent
MAC000002,Std,2012-10-19 22:00:00.0000000, 0.226 ,ACORN-A,Affluent
MAC000002,Std,2012-10-19 22:30:00.0000000, 0.269 ,ACORN-A,Affluent
MAC000002,Std,2012-10-19 23:00:00.0000000, 0.19 ,ACORN-A,Affluent
MAC000002,Std,2012-10-19 23:30:00.0000000, 0.239 ,ACORN-A,Affluent
MAC000002,Std,2012-10-20 00:00:00.0000000, 0.2 ,ACORN-A,Affluent
MAC000002,Std,2012-10-20 00:00:00.0000000, 0.2 ,ACORN-A,Affluent
MAC000002,Std,2012-10-20 00:30:00.0000000, 0.229 ,ACORN-A,Affluent
MAC000002,Std,2012-10-20 01:00:00.0000000, 0.192 ,ACORN-A,Affluent
MAC000002,Std,2012-10-20 01:30:00.0000000, 0.217 ,ACORN-A,Affluent
MAC000002,Std,2012-10-20 02:00:00.0000000, 0.18 ,ACORN-A,Affluent
MAC000002,Std,2012-10-20 02:30:00.0000000, 0.139 ,ACORN-A,Affluent
MAC000002,Std,2012-10-20 03:00:00.0000000, 0.097 ,ACORN-A,Affluent
MAC000002,Std,2012-10-20 03:30:00.0000000, 0.12 ,ACORN-A,Affluent
MAC000002,Std,2012-10-20 04:00:00.0000000, 0.097 ,ACORN-A,Affluent
MAC000002,Std,2012-10-20 04:30:00.0000000, 0.118 ,ACORN-A,Affluent
MAC000002,Std,2012-10-20 05:00:00.0000000, 0.095 ,ACORN-A,Affluent
MAC000002,Std,2012-10-20 05:30:00.0000000, 0.119 ,ACORN-A,Affluent
MAC000002,Std,2012-10-20 06:00:00.0000000, 0.089 ,ACORN-A,Affluent
MAC000002,Std,2012-10-20 06:30:00.0000000, 0.124 ,ACORN-A,Affluent
MAC000002,Std,2012-10-20 07:00:00.0000000, 0.085 ,ACORN-A,Affluent
MAC000002,Std,2012-10-20 07:30:00.0000000, 0.128 ,ACORN-A,Affluent
MAC000002,Std,2012-10-20 08:00:00.0000000, 0.077 ,ACORN-A,Affluent
MAC000002,Std,2012-10-20 08:30:00.0000000, 0.133 ,ACORN-A,Affluent
MAC000002,Std,2012-10-20 09:00:00.0000000, 0.087 ,ACORN-A,Affluent
MAC000002,Std,2012-10-20 09:30:00.0000000, 0.176 ,ACORN-A,Affluent
MAC000002,Std,2012-10-20 10:00:00.0000000, 0.073 ,ACORN-A,Affluent
MAC000002,Std,2012-10-20 10:30:00.0000000, 0.264 ,ACORN-A,Affluent
MAC000002,Std,2012-10-20 11:00:00.0000000, 0.505 ,ACORN-A,Affluent
MAC000002,Std,2012-10-20 11:30:00.0000000, 0.798 ,ACORN-A,Affluent
MAC000002,Std,2012-10-20 12:00:00.0000000, 0.724 ,ACORN-A,Affluent
MAC000002,Std,2012-10-20 12:30:00.0000000, 0.662 ,ACORN-A,Affluent
MAC000002,Std,2012-10-20 13:00:00.0000000, 0.389 ,ACORN-A,Affluent
MAC000002,Std,2012-10-20 13:30:00.0000000, 0.079 ,ACORN-A,Affluent
MAC000002,Std,2012-10-20 14:00:00.0000000, 0.178 ,ACORN-A,Affluent
MAC000002,Std,2012-10-20 14:30:00.0000000, 0.148 ,ACORN-A,Affluent
MAC000002,Std,2012-10-20 15:00:00.0000000, 0.233 ,ACORN-A,Affluent
MAC000002,Std,2012-10-20 15:30:00.0000000, 0.328 ,ACORN-A,Affluent
MAC000002,Std,2012-10-20 16:00:00.0000000, 0.428 ,ACORN-A,Affluent
MAC000002,Std,2012-10-20 16:30:00.0000000, 0.592 ,ACORN-A,Affluent
MAC000002,Std,2012-10-20 17:00:00.0000000, 0.688 ,ACORN-A,Affluent
MAC000002,Std,2012-10-20 17:30:00.0000000, 0.893 ,ACORN-A,Affluent
MAC000002,Std,2012-10-20 18:00:00.0000000, 1.4529999 ,ACORN-A,Affluent
MAC000002,Std,2012-10-20 18:30:00.0000000, 0.909 ,ACORN-A,Affluent
MAC000002,Std,2012-10-20 19:00:00.0000000, 0.504 ,ACORN-A,Affluent
MAC000002,Std,2012-10-20 19:30:00.0000000, 0.637 ,ACORN-A,Affluent
MAC000002,Std,2012-10-20 20:00:00.0000000, 0.686 ,ACORN-A,Affluent
MAC000002,Std,2012-10-20 20:30:00.0000000, 0.581 ,ACORN-A,Affluent
MAC000002,Std,2012-10-20 21:00:00.0000000, 0.585 ,ACORN-A,Affluent
MAC000002,Std,2012-10-20 21:30:00.0000000, 0.562 ,ACORN-A,Affluent
MAC000002,Std,2012-10-20 22:00:00.0000000, 0.536 ,ACORN-A,Affluent
MAC000002,Std,2012-10-20 22:30:00.0000000, 0.429 ,ACORN-A,Affluent
MAC000002,Std,2012-10-20 23:00:00.0000000, 0.426 ,ACORN-A,Affluent
MAC000002,Std,2012-10-20 23:30:00.0000000, 0.386 ,ACORN-A,Affluent
MAC000002,Std,2012-10-21 00:00:00.0000000, 0.39 ,ACORN-A,Affluent
MAC000002,Std,2012-10-21 00:30:00.0000000, 0.348 ,ACORN-A,Affluent
MAC000002,Std,2012-10-21 01:00:00.0000000, 0.372 ,ACORN-A,Affluent
MAC000002,Std,2012-10-21 01:30:00.0000000, 0.341 ,ACORN-A,Affluent
MAC000002,Std,2012-10-21 02:00:00.0000000, 0.37 ,ACORN-A,Affluent
MAC000002,Std,2012-10-21 02:30:00.0000000, 0.285 ,ACORN-A,Affluent
MAC000002,Std,2012-10-21 03:00:00.0000000, 0.272 ,ACORN-A,Affluent
MAC000002,Std,2012-10-21 03:30:00.0000000, 0.268 ,ACORN-A,Affluent
MAC000002,Std,2012-10-21 04:00:00.0000000, 0.251 ,ACORN-A,Affluent
MAC000002,Std,2012-10-21 04:30:00.0000000, 0.287 ,ACORN-A,Affluent
MAC000002,Std,2012-10-21 05:00:00.0000000, 0.232 ,ACORN-A,Affluent
MAC000002,Std,2012-10-21 05:30:00.0000000, 0.286 ,ACORN-A,Affluent
MAC000002,Std,2012-10-21 06:00:00.0000000, 0.249 ,ACORN-A,Affluent
MAC000002,Std,2012-10-21 06:30:00.0000000, 0.269 ,ACORN-A,Affluent
MAC000002,Std,2012-10-21 07:00:00.0000000, 0.329 ,ACORN-A,Affluent
MAC000002,Std,2012-10-21 07:30:00.0000000, 0.298 ,ACORN-A,Affluent
MAC000002,Std,2012-10-21 08:00:00.0000000, 0.286 ,ACORN-A,Affluent
MAC000002,Std,2012-10-21 08:30:00.0000000, 0.247 ,ACORN-A,Affluent
MAC000002,Std,2012-10-21 09:00:00.0000000, 0.321 ,ACORN-A,Affluent
MAC000002,Std,2012-10-21 09:30:00.0000000, 0.329 ,ACORN-A,Affluent
MAC000002,Std,2012-10-21 10:00:00.0000000, 0.418 ,ACORN-A,Affluent
MAC000002,Std,2012-10-21 10:30:00.0000000, 0.37 ,ACORN-A,Affluent
MAC000002,Std,2012-10-21 11:00:00.0000000, 0.38 ,ACORN-A,Affluent
MAC000002,Std,2012-10-21 11:30:00.0000000, 0.771 ,ACORN-A,Affluent
MAC000002,Std,2012-10-21 12:00:00.0000000, 0.557 ,ACORN-A,Affluent
MAC000002,Std,2012-10-21 12:30:00.0000000, 0.413 ,ACORN-A,Affluent
MAC000002,Std,2012-10-21 13:00:00.0000000, 0.374 ,ACORN-A,Affluent
MAC000002,Std,2012-10-21 13:30:00.0000000, 0.415 ,ACORN-A,Affluent
MAC000002,Std,2012-10-21 14:00:00.0000000, 0.657 ,ACORN-A,Affluent
MAC000002,Std,2012-10-21 14:30:00.0000000, 0.36 ,ACORN-A,Affluent
MAC000002,Std,2012-10-21 15:00:00.0000000, 0.344 ,ACORN-A,Affluent
MAC000002,Std,2012-10-21 15:30:00.0000000, 0.434 ,ACORN-A,Affluent
MAC000002,Std,2012-10-21 16:00:00.0000000, 0.589 ,ACORN-A,Affluent
MAC000002,Std,2012-10-21 16:30:00.0000000, 0.641 ,ACORN-A,Affluent
MAC000002,Std,2012-10-21 17:00:00.0000000, 0.877 ,ACORN-A,Affluent
MAC000002,Std,2012-10-21 17:30:00.0000000, 0.79 ,ACORN-A,Affluent
MAC000002,Std,2012-10-21 18:00:00.0000000, 1.285 ,ACORN-A,Affluent
MAC000002,Std,2012-10-21 18:30:00.0000000, 2.1600001 ,ACORN-A,Affluent
MAC000002,Std,2012-10-21 19:00:00.0000000, 0.829 ,ACORN-A,Affluent
MAC000002,Std,2012-10-21 19:30:00.0000000, 0.72 ,ACORN-A,Affluent
MAC000002,Std,2012-10-21 20:00:00.0000000, 0.701 ,ACORN-A,Affluent
MAC000002,Std,2012-10-21 20:30:00.0000000, 0.873 ,ACORN-A,Affluent
MAC000002,Std,2012-10-21 21:00:00.0000000, 0.903 ,ACORN-A,Affluent
MAC000002,Std,2012-10-21 21:30:00.0000000, 0.813 ,ACORN-A,Affluent
MAC000002,Std,2012-10-21 22:00:00.0000000, 0.548 ,ACORN-A,Affluent
MAC000002,Std,2012-10-21 22:30:00.0000000, 0.402 ,ACORN-A,Affluent
MAC000002,Std,2012-10-21 23:00:00.0000000, 0.446 ,ACORN-A,Affluent
MAC000002,Std,2012-10-21 23:30:00.0000000, 0.39 ,ACORN-A,Affluent
MAC000002,Std,2012-10-22 00:00:00.0000000, 0.431 ,ACORN-A,Affluent
MAC000002,Std,2012-10-22 00:30:00.0000000, 0.401 ,ACORN-A,Affluent
MAC000002,Std,2012-10-22 01:00:00.0000000, 0.294 ,ACORN-A,Affluent
MAC000002,Std,2012-10-22 01:30:00.0000000, 0.359 ,ACORN-A,Affluent
MAC000002,Std,2012-10-22 02:00:00.0000000, 0.305 ,ACORN-A,Affluent
MAC000002,Std,2012-10-22 02:30:00.0000000, 0.353 ,ACORN-A,Affluent
MAC000002,Std,2012-10-22 03:00:00.0000000, 0.323 ,ACORN-A,Affluent
MAC000002,Std,2012-10-22 03:30:00.0000000, 0.336 ,ACORN-A,Affluent
MAC000002,Std,2012-10-22 04:00:00.0000000, 0.447 ,ACORN-A,Affluent
MAC000002,Std,2012-10-22 04:30:00.0000000, 0.411 ,ACORN-A,Affluent
MAC000002,Std,2012-10-22 05:00:00.0000000, 0.451 ,ACORN-A,Affluent
MAC000002,Std,2012-10-22 05:30:00.0000000, 0.404 ,ACORN-A,Affluent
MAC000002,Std,2012-10-22 06:00:00.0000000, 0.443 ,ACORN-A,Affluent
MAC000002,Std,2012-10-22 06:30:00.0000000, 0.413 ,ACORN-A,Affluent
MAC000002,Std,2012-10-22 07:00:00.0000000, 0.419 ,ACORN-A,Affluent
MAC000002,Std,2012-10-22 07:30:00.0000000, 0.488 ,ACORN-A,Affluent
MAC000002,Std,2012-10-22 08:00:00.0000000, 0.53 ,ACORN-A,Affluent
MAC000002,Std,2012-10-22 08:30:00.0000000, 0.704 ,ACORN-A,Affluent
MAC000002,Std,2012-10-22 09:00:00.0000000, 0.501 ,ACORN-A,Affluent
MAC000002,Std,2012-10-22 09:30:00.0000000, 0.475 ,ACORN-A,Affluent
MAC000002,Std,2012-10-22 10:00:00.0000000, 0.277 ,ACORN-A,Affluent
MAC000002,Std,2012-10-22 10:30:00.0000000, 0.263 ,ACORN-A,Affluent
MAC000002,Std,2012-10-22 11:00:00.0000000, 0.211 ,ACORN-A,Affluent
MAC000002,Std,2012-10-22 11:30:00.0000000, 0.282 ,ACORN-A,Affluent
MAC000002,Std,2012-10-22 12:00:00.0000000, 0.184 ,ACORN-A,Affluent
MAC000002,Std,2012-10-22 12:30:00.0000000, 0.096 ,ACORN-A,Affluent
MAC000002,Std,2012-10-22 13:00:00.0000000, 0.124 ,ACORN-A,Affluent
MAC000002,Std,2012-10-22 13:30:00.0000000, 0.105 ,ACORN-A,Affluent
MAC000002,Std,2012-10-22 14:00:00.0000000, 0.094 ,ACORN-A,Affluent
MAC000002,Std,2012-10-22 14:30:00.0000000, 0.126 ,ACORN-A,Affluent
MAC000002,Std,2012-10-22 15:00:00.0000000, 0.207 ,ACORN-A,Affluent
MAC000002,Std,2012-10-22 15:30:00.0000000, 0.616 ,ACORN-A,Affluent
MAC000002,Std,2012-10-22 16:00:00.0000000, 0.438 ,ACORN-A,Affluent
MAC000002,Std,2012-10-22 16:30:00.0000000, 0.656 ,ACORN-A,Affluent
MAC000002,Std,2012-10-22 17:00:00.0000000, 0.621 ,ACORN-A,Affluent
MAC000002,Std,2012-10-22 17:30:00.0000000, 0.488 ,ACORN-A,Affluent
MAC000002,Std,2012-10-22 18:00:00.0000000, 0.394 ,ACORN-A,Affluent
MAC000002,Std,2012-10-22 18:30:00.0000000, 0.866 ,ACORN-A,Affluent
MAC000002,Std,2012-10-22 19:00:00.0000000, 1.126 ,ACORN-A,Affluent
MAC000002,Std,2012-10-22 19:30:00.0000000, 0.284 ,ACORN-A,Affluent
MAC000002,Std,2012-10-22 20:00:00.0000000, 0.282 ,ACORN-A,Affluent
MAC000002,Std,2012-10-22 20:30:00.0000000, 0.441 ,ACORN-A,Affluent
MAC000002,Std,2012-10-22 21:00:00.0000000, 0.705 ,ACORN-A,Affluent
MAC000002,Std,2012-10-22 21:30:00.0000000, 0.393 ,ACORN-A,Affluent
MAC000002,Std,2012-10-22 22:00:00.0000000, 0.372 ,ACORN-A,Affluent
MAC000002,Std,2012-10-22 22:30:00.0000000, 0.215 ,ACORN-A,Affluent
MAC000002,Std,2012-10-22 23:00:00.0000000, 0.315 ,ACORN-A,Affluent
MAC000002,Std,2012-10-22 23:30:00.0000000, 0.216 ,ACORN-A,Affluent
MAC000002,Std,2012-10-23 00:00:00.0000000, 0.22 ,ACORN-A,Affluent
MAC000002,Std,2012-10-23 00:30:00.0000000, 0.152 ,ACORN-A,Affluent
MAC000002,Std,2012-10-23 01:00:00.0000000, 0.215 ,ACORN-A,Affluent
MAC000002,Std,2012-10-23 01:30:00.0000000, 0.121 ,ACORN-A,Affluent
MAC000002,Std,2012-10-23 02:00:00.0000000, 0.151 ,ACORN-A,Affluent
MAC000002,Std,2012-10-23 02:30:00.0000000, 0.079 ,ACORN-A,Affluent
MAC000002,Std,2012-10-23 03:00:00.0000000, 0.141 ,ACORN-A,Affluent
MAC000002,Std,2012-10-23 03:30:00.0000000, 0.076 ,ACORN-A,Affluent
MAC000002,Std,2012-10-23 04:00:00.0000000, 0.14 ,ACORN-A,Affluent
MAC000002,Std,2012-10-23 04:30:00.0000000, 0.073 ,ACORN-A,Affluent
MAC000002,Std,2012-10-23 05:00:00.0000000, 0.138 ,ACORN-A,Affluent
MAC000002,Std,2012-10-23 05:30:00.0000000, 0.075 ,ACORN-A,Affluent
MAC000002,Std,2012-10-23 06:00:00.0000000, 0.131 ,ACORN-A,Affluent
MAC000002,Std,2012-10-23 06:30:00.0000000, 0.084 ,ACORN-A,Affluent
MAC000002,Std,2012-10-23 07:00:00.0000000, 0.122 ,ACORN-A,Affluent
MAC000002,Std,2012-10-23 07:30:00.0000000, 0.093 ,ACORN-A,Affluent
MAC000002,Std,2012-10-23 08:00:00.0000000, 0.147 ,ACORN-A,Affluent
MAC000002,Std,2012-10-23 08:30:00.0000000, 0.226 ,ACORN-A,Affluent
MAC000002,Std,2012-10-23 09:00:00.0000000, 0.51 ,ACORN-A,Affluent
MAC000002,Std,2012-10-23 09:30:00.0000000, 0.184 ,ACORN-A,Affluent
MAC000002,Std,2012-10-23 10:00:00.0000000, 0.073 ,ACORN-A,Affluent
MAC000002,Std,2012-10-23 10:30:00.0000000, 0.131 ,ACORN-A,Affluent
MAC000002,Std,2012-10-23 11:00:00.0000000, 0.07 ,ACORN-A,Affluent
MAC000002,Std,2012-10-23 11:30:00.0000000, 0.136 ,ACORN-A,Affluent
MAC000002,Std,2012-10-23 12:00:00.0000000, 0.193 ,ACORN-A,Affluent
MAC000002,Std,2012-10-23 12:30:00.0000000, 0.45 ,ACORN-A,Affluent
MAC000002,Std,2012-10-23 13:00:00.0000000, 0.14 ,ACORN-A,Affluent
MAC000002,Std,2012-10-23 13:30:00.0000000, 0.193 ,ACORN-A,Affluent
MAC000002,Std,2012-10-23 14:00:00.0000000, 0.148 ,ACORN-A,Affluent
MAC000002,Std,2012-10-23 14:30:00.0000000, 0.231 ,ACORN-A,Affluent
MAC000002,Std,2012-10-23 15:00:00.0000000, 0.184 ,ACORN-A,Affluent
MAC000002,Std,2012-10-23 15:30:00.0000000, 0.449 ,ACORN-A,Affluent
MAC000002,Std,2012-10-23 16:00:00.0000000, 0.336 ,ACORN-A,Affluent
MAC000002,Std,2012-10-23 16:30:00.0000000, 0.141 ,ACORN-A,Affluent
MAC000002,Std,2012-10-23 17:00:00.0000000, 0.189 ,ACORN-A,Affluent
MAC000002,Std,2012-10-23 17:30:00.0000000, 0.146 ,ACORN-A,Affluent
MAC000002,Std,2012-10-23 18:00:00.0000000, 0.174 ,ACORN-A,Affluent
MAC000002,Std,2012-10-23 18:30:00.0000000, 0.168 ,ACORN-A,Affluent
MAC000002,Std,2012-10-23 19:00:00.0000000, 0.155 ,ACORN-A,Affluent
MAC000002,Std,2012-10-23 19:30:00.0000000, 0.475 ,ACORN-A,Affluent
MAC000002,Std,2012-10-23 20:00:00.0000000, 0.34 ,ACORN-A,Affluent
MAC000002,Std,2012-10-23 20:30:00.0000000, 0.66 ,ACORN-A,Affluent
MAC000002,Std,2012-10-23 21:00:00.0000000, 0.671 ,ACORN-A,Affluent
MAC000002,Std,2012-10-23 21:30:00.0000000, 0.496 ,ACORN-A,Affluent
MAC000002,Std,2012-10-23 22:00:00.0000000, 0.406 ,ACORN-A,Affluent
MAC000002,Std,2012-10-23 22:30:00.0000000, 0.241 ,ACORN-A,Affluent
MAC000002,Std,2012-10-23 23:00:00.0000000, 0.228 ,ACORN-A,Affluent
MAC000002,Std,2012-10-23 23:30:00.0000000, 0.183 ,ACORN-A,Affluent
MAC000002,Std,2012-10-24 00:00:00.0000000, 0.187 ,ACORN-A,Affluent
MAC000002,Std,2012-10-24 00:30:00.0000000, 0.185 ,ACORN-A,Affluent
MAC000002,Std,2012-10-24 01:00:00.0000000, 0.185 ,ACORN-A,Affluent
MAC000002,Std,2012-10-24 01:30:00.0000000, 0.183 ,ACORN-A,Affluent
MAC000002,Std,2012-10-24 02:00:00.0000000, 0.086 ,ACORN-A,Affluent
MAC000002,Std,2012-10-24 02:30:00.0000000, 0.133 ,ACORN-A,Affluent
MAC000002,Std,2012-10-24 03:00:00.0000000, 0.101 ,ACORN-A,Affluent
MAC000002,Std,2012-10-24 03:30:00.0000000, 0.113 ,ACORN-A,Affluent
MAC000002,Std,2012-10-24 04:00:00.0000000, 0.111 ,ACORN-A,Affluent
MAC000002,Std,2012-10-24 04:30:00.0000000, 0.093 ,ACORN-A,Affluent
MAC000002,Std,2012-10-24 05:00:00.0000000, 0.128 ,ACORN-A,Affluent
MAC000002,Std,2012-10-24 05:30:00.0000000, 0.076 ,ACORN-A,Affluent
MAC000002,Std,2012-10-24 06:00:00.0000000, 0.151 ,ACORN-A,Affluent
MAC000002,Std,2012-10-24 06:30:00.0000000, 0.087 ,ACORN-A,Affluent
MAC000002,Std,2012-10-24 07:00:00.0000000, 0.116 ,ACORN-A,Affluent
MAC000002,Std,2012-10-24 07:30:00.0000000, 0.193 ,ACORN-A,Affluent
MAC000002,Std,2012-10-24 08:00:00.0000000, 0.511 ,ACORN-A,Affluent
MAC000002,Std,2012-10-24 08:30:00.0000000, 0.311 ,ACORN-A,Affluent
MAC000002,Std,2012-10-24 09:00:00.0000000, 0.591 ,ACORN-A,Affluent
MAC000002,Std,2012-10-24 09:30:00.0000000, 0.531 ,ACORN-A,Affluent
MAC000002,Std,2012-10-24 10:00:00.0000000, 0.135 ,ACORN-A,Affluent
MAC000002,Std,2012-10-24 10:30:00.0000000, 0.289 ,ACORN-A,Affluent
MAC000002,Std,2012-10-24 11:00:00.0000000, 0.221 ,ACORN-A,Affluent
MAC000002,Std,2012-10-24 11:30:00.0000000, 0.102 ,ACORN-A,Affluent
MAC000002,Std,2012-10-24 12:00:00.0000000, 0.782 ,ACORN-A,Affluent
MAC000002,Std,2012-10-24 12:30:00.0000000, 0.266 ,ACORN-A,Affluent
MAC000002,Std,2012-10-24 13:00:00.0000000, 0.217 ,ACORN-A,Affluent
MAC000002,Std,2012-10-24 13:30:00.0000000, 0.166 ,ACORN-A,Affluent
MAC000002,Std,2012-10-24 14:00:00.0000000, 0.097 ,ACORN-A,Affluent
MAC000002,Std,2012-10-24 14:30:00.0000000, 0.13 ,ACORN-A,Affluent
MAC000002,Std,2012-10-24 15:00:00.0000000, 0.088 ,ACORN-A,Affluent
MAC000002,Std,2012-10-24 15:30:00.0000000, 0.114 ,ACORN-A,Affluent
MAC000002,Std,2012-10-24 16:00:00.0000000, 0.14 ,ACORN-A,Affluent
MAC000002,Std,2012-10-24 16:30:00.0000000, 0.273 ,ACORN-A,Affluent
MAC000002,Std,2012-10-24 17:00:00.0000000, 0.233 ,ACORN-A,Affluent
MAC000002,Std,2012-10-24 17:30:00.0000000, 0.157 ,ACORN-A,Affluent
MAC000002,Std,2012-10-24 18:00:00.0000000, 0.155 ,ACORN-A,Affluent
MAC000002,Std,2012-10-24 18:30:00.0000000, 0.855 ,ACORN-A,Affluent
MAC000002,Std,2012-10-24 19:00:00.0000000, 1.8890001 ,ACORN-A,Affluent
MAC000002,Std,2012-10-24 19:30:00.0000000, 0.796 ,ACORN-A,Affluent
MAC000002,Std,2012-10-24 20:00:00.0000000, 0.753 ,ACORN-A,Affluent
MAC000002,Std,2012-10-24 20:30:00.0000000, 0.607 ,ACORN-A,Affluent
MAC000002,Std,2012-10-24 21:00:00.0000000, 0.71 ,ACORN-A,Affluent
MAC000002,Std,2012-10-24 21:30:00.0000000, 0.574 ,ACORN-A,Affluent
MAC000002,Std,2012-10-24 22:00:00.0000000, 0.846 ,ACORN-A,Affluent
MAC000002,Std,2012-10-24 22:30:00.0000000, 0.343 ,ACORN-A,Affluent
MAC000002,Std,2012-10-24 23:00:00.0000000, 0.282 ,ACORN-A,Affluent
MAC000002,Std,2012-10-24 23:30:00.0000000, 0.245 ,ACORN-A,Affluent
MAC000002,Std,2012-10-25 00:00:00.0000000, 0.286 ,ACORN-A,Affluent
MAC000002,Std,2012-10-25 00:30:00.0000000, 0.199 ,ACORN-A,Affluent
MAC000002,Std,2012-10-25 01:00:00.0000000, 0.196 ,ACORN-A,Affluent
MAC000002,Std,2012-10-25 01:30:00.0000000, 0.1 ,ACORN-A,Affluent
MAC000002,Std,2012-10-25 02:00:00.0000000, 0.131 ,ACORN-A,Affluent
MAC000002,Std,2012-10-25 02:30:00.0000000, 0.096 ,ACORN-A,Affluent
MAC000002,Std,2012-10-25 03:00:00.0000000, 0.112 ,ACORN-A,Affluent
MAC000002,Std,2012-10-25 03:30:00.0000000, 0.107 ,ACORN-A,Affluent
MAC000002,Std,2012-10-25 04:00:00.0000000, 0.097 ,ACORN-A,Affluent
MAC000002,Std,2012-10-25 04:30:00.0000000, 0.12 ,ACORN-A,Affluent
MAC000002,Std,2012-10-25 05:00:00.0000000, 0.081 ,ACORN-A,Affluent
MAC000002,Std,2012-10-25 05:30:00.0000000, 0.132 ,ACORN-A,Affluent
MAC000002,Std,2012-10-25 06:00:00.0000000, 0.073 ,ACORN-A,Affluent
MAC000002,Std,2012-10-25 06:30:00.0000000, 0.128 ,ACORN-A,Affluent
MAC000002,Std,2012-10-25 07:00:00.0000000, 0.089 ,ACORN-A,Affluent
MAC000002,Std,2012-10-25 07:30:00.0000000, 0.109 ,ACORN-A,Affluent
MAC000002,Std,2012-10-25 08:00:00.0000000, 0.16 ,ACORN-A,Affluent
MAC000002,Std,2012-10-25 08:30:00.0000000, 0.242 ,ACORN-A,Affluent
MAC000002,Std,2012-10-25 09:00:00.0000000, 0.619 ,ACORN-A,Affluent
MAC000002,Std,2012-10-25 09:30:00.0000000, 0.493 ,ACORN-A,Affluent
MAC000002,Std,2012-10-25 10:00:00.0000000, 0.469 ,ACORN-A,Affluent
MAC000002,Std,2012-10-25 10:30:00.0000000, 0.878 ,ACORN-A,Affluent
MAC000002,Std,2012-10-25 11:00:00.0000000, 0.917 ,ACORN-A,Affluent
MAC000002,Std,2012-10-25 11:30:00.0000000, 0.37 ,ACORN-A,Affluent
MAC000002,Std,2012-10-25 12:00:00.0000000, 0.15 ,ACORN-A,Affluent
MAC000002,Std,2012-10-25 12:30:00.0000000, 0.146 ,ACORN-A,Affluent
MAC000002,Std,2012-10-25 13:00:00.0000000, 0.163 ,ACORN-A,Affluent
MAC000002,Std,2012-10-25 13:30:00.0000000, 0.137 ,ACORN-A,Affluent
MAC000002,Std,2012-10-25 14:00:00.0000000, 0.132 ,ACORN-A,Affluent
MAC000002,Std,2012-10-25 14:30:00.0000000, 0.126 ,ACORN-A,Affluent
MAC000002,Std,2012-10-25 15:00:00.0000000, 0.172 ,ACORN-A,Affluent
MAC000002,Std,2012-10-25 15:30:00.0000000, 0.14 ,ACORN-A,Affluent
MAC000002,Std,2012-10-25 16:00:00.0000000, 0.18 ,ACORN-A,Affluent
MAC000002,Std,2012-10-25 16:30:00.0000000, 0.119 ,ACORN-A,Affluent
MAC000002,Std,2012-10-25 17:00:00.0000000, 0.265 ,ACORN-A,Affluent
MAC000002,Std,2012-10-25 17:30:00.0000000, 0.15 ,ACORN-A,Affluent
MAC000002,Std,2012-10-25 18:00:00.0000000, 0.363 ,ACORN-A,Affluent
MAC000002,Std,2012-10-25 18:30:00.0000000, 0.452 ,ACORN-A,Affluent
MAC000002,Std,2012-10-25 19:00:00.0000000, 0.566 ,ACORN-A,Affluent
MAC000002,Std,2012-10-25 19:30:00.0000000, 0.231 ,ACORN-A,Affluent
MAC000002,Std,2012-10-25 20:00:00.0000000, 0.183 ,ACORN-A,Affluent
MAC000002,Std,2012-10-25 20:30:00.0000000, 0.355 ,ACORN-A,Affluent
MAC000002,Std,2012-10-25 21:00:00.0000000, 0.558 ,ACORN-A,Affluent
MAC000002,Std,2012-10-25 21:30:00.0000000, 0.47 ,ACORN-A,Affluent
MAC000002,Std,2012-10-25 22:00:00.0000000, 0.506 ,ACORN-A,Affluent
MAC000002,Std,2012-10-25 22:30:00.0000000, 0.453 ,ACORN-A,Affluent
MAC000002,Std,2012-10-25 23:00:00.0000000, 0.49 ,ACORN-A,Affluent
MAC000002,Std,2012-10-25 23:30:00.0000000, 0.417 ,ACORN-A,Affluent
MAC000002,Std,2012-10-26 00:00:00.0000000, 0.254 ,ACORN-A,Affluent
MAC000002,Std,2012-10-26 00:30:00.0000000, 0.188 ,ACORN-A,Affluent
MAC000002,Std,2012-10-26 01:00:00.0000000, 0.133 ,ACORN-A,Affluent
MAC000002,Std,2012-10-26 01:30:00.0000000, 0.105 ,ACORN-A,Affluent
MAC000002,Std,2012-10-26 02:00:00.0000000, 0.122 ,ACORN-A,Affluent
MAC000002,Std,2012-10-26 02:30:00.0000000, 0.101 ,ACORN-A,Affluent
MAC000002,Std,2012-10-26 03:00:00.0000000, 0.118 ,ACORN-A,Affluent
MAC000002,Std,2012-10-26 03:30:00.0000000, 0.102 ,ACORN-A,Affluent
MAC000002,Std,2012-10-26 04:00:00.0000000, 0.116 ,ACORN-A,Affluent
MAC000002,Std,2012-10-26 04:30:00.0000000, 0.099 ,ACORN-A,Affluent
MAC000002,Std,2012-10-26 05:00:00.0000000, 0.116 ,ACORN-A,Affluent
MAC000002,Std,2012-10-26 05:30:00.0000000, 0.092 ,ACORN-A,Affluent
MAC000002,Std,2012-10-26 06:00:00.0000000, 0.123 ,ACORN-A,Affluent
MAC000002,Std,2012-10-26 06:30:00.0000000, 0.084 ,ACORN-A,Affluent
MAC000002,Std,2012-10-26 07:00:00.0000000, 0.128 ,ACORN-A,Affluent
MAC000002,Std,2012-10-26 07:30:00.0000000, 0.203 ,ACORN-A,Affluent
MAC000002,Std,2012-10-26 08:00:00.0000000, 0.259 ,ACORN-A,Affluent
MAC000002,Std,2012-10-26 08:30:00.0000000, 0.346 ,ACORN-A,Affluent
MAC000002,Std,2012-10-26 09:00:00.0000000, 0.492 ,ACORN-A,Affluent
MAC000002,Std,2012-10-26 09:30:00.0000000, 0.547 ,ACORN-A,Affluent
MAC000002,Std,2012-10-26 10:00:00.0000000, 0.268 ,ACORN-A,Affluent
MAC000002,Std,2012-10-26 10:30:00.0000000, 0.117 ,ACORN-A,Affluent
MAC000002,Std,2012-10-26 11:00:00.0000000, 0.132 ,ACORN-A,Affluent
MAC000002,Std,2012-10-26 11:30:00.0000000, 0.084 ,ACORN-A,Affluent
MAC000002,Std,2012-10-26 12:00:00.0000000, 0.189 ,ACORN-A,Affluent
MAC000002,Std,2012-10-26 12:30:00.0000000, 0.09 ,ACORN-A,Affluent
MAC000002,Std,2012-10-26 13:00:00.0000000, 0.122 ,ACORN-A,Affluent
MAC000002,Std,2012-10-26 13:30:00.0000000, 0.079 ,ACORN-A,Affluent
MAC000002,Std,2012-10-26 14:00:00.0000000, 0.127 ,ACORN-A,Affluent
MAC000002,Std,2012-10-26 14:30:00.0000000, 0.072 ,ACORN-A,Affluent
MAC000002,Std,2012-10-26 15:00:00.0000000, 0.17 ,ACORN-A,Affluent
MAC000002,Std,2012-10-26 15:30:00.0000000, 0.179 ,ACORN-A,Affluent
MAC000002,Std,2012-10-26 16:00:00.0000000, 0.29 ,ACORN-A,Affluent
MAC000002,Std,2012-10-26 16:30:00.0000000, 0.282 ,ACORN-A,Affluent
MAC000002,Std,2012-10-26 17:00:00.0000000, 0.423 ,ACORN-A,Affluent
MAC000002,Std,2012-10-26 17:30:00.0000000, 0.635 ,ACORN-A,Affluent
MAC000002,Std,2012-10-26 18:00:00.0000000, 0.924 ,ACORN-A,Affluent
MAC000002,Std,2012-10-26 18:30:00.0000000, 0.62 ,ACORN-A,Affluent
MAC000002,Std,2012-10-26 19:00:00.0000000, 0.546 ,ACORN-A,Affluent
MAC000002,Std,2012-10-26 19:30:00.0000000, 0.962 ,ACORN-A,Affluent
MAC000002,Std,2012-10-26 20:00:00.0000000, 0.947 ,ACORN-A,Affluent
MAC000002,Std,2012-10-26 20:30:00.0000000, 0.595 ,ACORN-A,Affluent
MAC000002,Std,2012-10-26 21:00:00.0000000, 0.479 ,ACORN-A,Affluent
MAC000002,Std,2012-10-26 21:30:00.0000000, 0.558 ,ACORN-A,Affluent
MAC000002,Std,2012-10-26 22:00:00.0000000, 0.627 ,ACORN-A,Affluent
MAC000002,Std,2012-10-26 22:30:00.0000000, 0.562 ,ACORN-A,Affluent
MAC000002,Std,2012-10-26 23:00:00.0000000, 0.656 ,ACORN-A,Affluent
MAC000002,Std,2012-10-26 23:30:00.0000000, 0.602 ,ACORN-A,Affluent
MAC000002,Std,2012-10-27 00:00:00.0000000, 0.543 ,ACORN-A,Affluent
MAC000002,Std,2012-10-27 00:30:00.0000000, 0.525 ,ACORN-A,Affluent
MAC000002,Std,2012-10-27 01:00:00.0000000, 0.544 ,ACORN-A,Affluent
MAC000002,Std,2012-10-27 01:30:00.0000000, 0.328 ,ACORN-A,Affluent
MAC000002,Std,2012-10-27 02:00:00.0000000, 0.2 ,ACORN-A,Affluent
MAC000002,Std,2012-10-27 02:30:00.0000000, 0.109 ,ACORN-A,Affluent
MAC000002,Std,2012-10-27 03:00:00.0000000, 0.132 ,ACORN-A,Affluent
MAC000002,Std,2012-10-27 03:30:00.0000000, 0.08 ,ACORN-A,Affluent
MAC000002,Std,2012-10-27 04:00:00.0000000, 0.123 ,ACORN-A,Affluent
MAC000002,Std,2012-10-27 04:30:00.0000000, 0.089 ,ACORN-A,Affluent
MAC000002,Std,2012-10-27 05:00:00.0000000, 0.111 ,ACORN-A,Affluent
MAC000002,Std,2012-10-27 05:30:00.0000000, 0.098 ,ACORN-A,Affluent
MAC000002,Std,2012-10-27 06:00:00.0000000, 0.1 ,ACORN-A,Affluent
MAC000002,Std,2012-10-27 06:30:00.0000000, 0.108 ,ACORN-A,Affluent
MAC000002,Std,2012-10-27 07:00:00.0000000, 0.088 ,ACORN-A,Affluent
MAC000002,Std,2012-10-27 07:30:00.0000000, 0.118 ,ACORN-A,Affluent
MAC000002,Std,2012-10-27 08:00:00.0000000, 0.075 ,ACORN-A,Affluent
MAC000002,Std,2012-10-27 08:30:00.0000000, 0.194 ,ACORN-A,Affluent
MAC000002,Std,2012-10-27 09:00:00.0000000, 0.412 ,ACORN-A,Affluent
MAC000002,Std,2012-10-27 09:30:00.0000000, 0.389 ,ACORN-A,Affluent
MAC000002,Std,2012-10-27 10:00:00.0000000, 0.856 ,ACORN-A,Affluent
MAC000002,Std,2012-10-27 10:30:00.0000000, 0.299 ,ACORN-A,Affluent
MAC000002,Std,2012-10-27 11:00:00.0000000, 0.221 ,ACORN-A,Affluent
MAC000002,Std,2012-10-27 11:30:00.0000000, 0.18 ,ACORN-A,Affluent
MAC000002,Std,2012-10-27 12:00:00.0000000, 0.132 ,ACORN-A,Affluent
MAC000002,Std,2012-10-27 12:30:00.0000000, 0.135 ,ACORN-A,Affluent
MAC000002,Std,2012-10-27 13:00:00.0000000, 0.147 ,ACORN-A,Affluent
MAC000002,Std,2012-10-27 13:30:00.0000000, 0.775 ,ACORN-A,Affluent
MAC000002,Std,2012-10-27 14:00:00.0000000, 0.593 ,ACORN-A,Affluent
MAC000002,Std,2012-10-27 14:30:00.0000000, 0.2 ,ACORN-A,Affluent
MAC000002,Std,2012-10-27 15:00:00.0000000, 0.386 ,ACORN-A,Affluent
MAC000002,Std,2012-10-27 15:30:00.0000000, 0.91 ,ACORN-A,Affluent
MAC000002,Std,2012-10-27 16:00:00.0000000, 0.314 ,ACORN-A,Affluent
MAC000002,Std,2012-10-27 16:30:00.0000000, 0.256 ,ACORN-A,Affluent
MAC000002,Std,2012-10-27 17:00:00.0000000, 0.311 ,ACORN-A,Affluent
MAC000002,Std,2012-10-27 17:30:00.0000000, 0.365 ,ACORN-A,Affluent
MAC000002,Std,2012-10-27 18:00:00.0000000, 0.324 ,ACORN-A,Affluent
MAC000002,Std,2012-10-27 18:30:00.0000000, 0.365 ,ACORN-A,Affluent
MAC000002,Std,2012-10-27 19:00:00.0000000, 0.555 ,ACORN-A,Affluent
MAC000002,Std,2012-10-27 19:30:00.0000000, 1.228 ,ACORN-A,Affluent
MAC000002,Std,2012-10-27 20:00:00.0000000, 0.879 ,ACORN-A,Affluent
MAC000002,Std,2012-10-27 20:30:00.0000000, 0.387 ,ACORN-A,Affluent
MAC000002,Std,2012-10-27 21:00:00.0000000, 0.425 ,ACORN-A,Affluent
MAC000002,Std,2012-10-27 21:30:00.0000000, 0.422 ,ACORN-A,Affluent
MAC000002,Std,2012-10-27 22:00:00.0000000, 0.395 ,ACORN-A,Affluent
MAC000002,Std,2012-10-27 22:30:00.0000000, 0.48 ,ACORN-A,Affluent
MAC000002,Std,2012-10-27 23:00:00.0000000, 0.493 ,ACORN-A,Affluent
MAC000002,Std,2012-10-27 23:30:00.0000000, 0.487 ,ACORN-A,Affluent
MAC000002,Std,2012-10-28 00:00:00.0000000, 0.477 ,ACORN-A,Affluent
MAC000002,Std,2012-10-28 00:30:00.0000000, 0.395 ,ACORN-A,Affluent
MAC000002,Std,2012-10-28 01:00:00.0000000, 0.402 ,ACORN-A,Affluent
MAC000002,Std,2012-10-28 01:30:00.0000000, 0.357 ,ACORN-A,Affluent
MAC000002,Std,2012-10-28 02:00:00.0000000, 0.408 ,ACORN-A,Affluent
MAC000002,Std,2012-10-28 02:30:00.0000000, 0.347 ,ACORN-A,Affluent
MAC000002,Std,2012-10-28 03:00:00.0000000, 0.252 ,ACORN-A,Affluent
MAC000002,Std,2012-10-28 03:30:00.0000000, 0.147 ,ACORN-A,Affluent
MAC000002,Std,2012-10-28 04:00:00.0000000, 0.177 ,ACORN-A,Affluent
MAC000002,Std,2012-10-28 04:30:00.0000000, 0.147 ,ACORN-A,Affluent
MAC000002,Std,2012-10-28 05:00:00.0000000, 0.072 ,ACORN-A,Affluent
MAC000002,Std,2012-10-28 05:30:00.0000000, 0.136 ,ACORN-A,Affluent
MAC000002,Std,2012-10-28 06:00:00.0000000, 0.072 ,ACORN-A,Affluent
MAC000002,Std,2012-10-28 06:30:00.0000000, 0.129 ,ACORN-A,Affluent
MAC000002,Std,2012-10-28 07:00:00.0000000, 0.073 ,ACORN-A,Affluent
MAC000002,Std,2012-10-28 07:30:00.0000000, 0.126 ,ACORN-A,Affluent
MAC000002,Std,2012-10-28 08:00:00.0000000, 0.149 ,ACORN-A,Affluent
MAC000002,Std,2012-10-28 08:30:00.0000000, 0.419 ,ACORN-A,Affluent
MAC000002,Std,2012-10-28 09:00:00.0000000, 0.523 ,ACORN-A,Affluent
MAC000002,Std,2012-10-28 09:30:00.0000000, 0.553 ,ACORN-A,Affluent
MAC000002,Std,2012-10-28 10:00:00.0000000, 0.649 ,ACORN-A,Affluent
MAC000002,Std,2012-10-28 10:30:00.0000000, 0.234 ,ACORN-A,Affluent
MAC000002,Std,2012-10-28 11:00:00.0000000, 0.304 ,ACORN-A,Affluent
MAC000002,Std,2012-10-28 11:30:00.0000000, 0.568 ,ACORN-A,Affluent
MAC000002,Std,2012-10-28 12:00:00.0000000, 0.511 ,ACORN-A,Affluent
MAC000002,Std,2012-10-28 12:30:00.0000000, 0.498 ,ACORN-A,Affluent
MAC000002,Std,2012-10-28 13:00:00.0000000, 0.263 ,ACORN-A,Affluent
MAC000002,Std,2012-10-28 13:30:00.0000000, 0.322 ,ACORN-A,Affluent
MAC000002,Std,2012-10-28 14:00:00.0000000, 0.224 ,ACORN-A,Affluent
MAC000002,Std,2012-10-28 14:30:00.0000000, 0.243 ,ACORN-A,Affluent
MAC000002,Std,2012-10-28 15:00:00.0000000, 0.143 ,ACORN-A,Affluent
MAC000002,Std,2012-10-28 15:30:00.0000000, 0.173 ,ACORN-A,Affluent
MAC000002,Std,2012-10-28 16:00:00.0000000, 0.127 ,ACORN-A,Affluent
MAC000002,Std,2012-10-28 16:30:00.0000000, 0.153 ,ACORN-A,Affluent
MAC000002,Std,2012-10-28 17:00:00.0000000, 0.139 ,ACORN-A,Affluent
MAC000002,Std,2012-10-28 17:30:00.0000000, 0.156 ,ACORN-A,Affluent
MAC000002,Std,2012-10-28 18:00:00.0000000, 0.1 ,ACORN-A,Affluent
MAC000002,Std,2012-10-28 18:30:00.0000000, 0.294 ,ACORN-A,Affluent
MAC000002,Std,2012-10-28 19:00:00.0000000, 0.424 ,ACORN-A,Affluent
MAC000002,Std,2012-10-28 19:30:00.0000000, 0.518 ,ACORN-A,Affluent
MAC000002,Std,2012-10-28 20:00:00.0000000, 1.16 ,ACORN-A,Affluent
MAC000002,Std,2012-10-28 20:30:00.0000000, 1.109 ,ACORN-A,Affluent
MAC000002,Std,2012-10-28 21:00:00.0000000, 0.983 ,ACORN-A,Affluent
MAC000002,Std,2012-10-28 21:30:00.0000000, 1.0369999 ,ACORN-A,Affluent
MAC000002,Std,2012-10-28 22:00:00.0000000, 0.972 ,ACORN-A,Affluent
MAC000002,Std,2012-10-28 22:30:00.0000000, 0.987 ,ACORN-A,Affluent
MAC000002,Std,2012-10-28 23:00:00.0000000, 1.173 ,ACORN-A,Affluent
MAC000002,Std,2012-10-28 23:30:00.0000000, 0.804 ,ACORN-A,Affluent
MAC000002,Std,2012-10-29 00:00:00.0000000, 0.471 ,ACORN-A,Affluent
MAC000002,Std,2012-10-29 00:30:00.0000000, 0.338 ,ACORN-A,Affluent
MAC000002,Std,2012-10-29 01:00:00.0000000, 0.305 ,ACORN-A,Affluent
MAC000002,Std,2012-10-29 01:30:00.0000000, 0.234 ,ACORN-A,Affluent
MAC000002,Std,2012-10-29 02:00:00.0000000, 0.199 ,ACORN-A,Affluent
MAC000002,Std,2012-10-29 02:30:00.0000000, 0.131 ,ACORN-A,Affluent
MAC000002,Std,2012-10-29 03:00:00.0000000, 0.081 ,ACORN-A,Affluent
MAC000002,Std,2012-10-29 03:30:00.0000000, 0.129 ,ACORN-A,Affluent
MAC000002,Std,2012-10-29 04:00:00.0000000, 0.073 ,ACORN-A,Affluent
MAC000002,Std,2012-10-29 04:30:00.0000000, 0.128 ,ACORN-A,Affluent
MAC000002,Std,2012-10-29 05:00:00.0000000, 0.084 ,ACORN-A,Affluent
MAC000002,Std,2012-10-29 05:30:00.0000000, 0.115 ,ACORN-A,Affluent
MAC000002,Std,2012-10-29 06:00:00.0000000, 0.098 ,ACORN-A,Affluent
MAC000002,Std,2012-10-29 06:30:00.0000000, 0.099 ,ACORN-A,Affluent
MAC000002,Std,2012-10-29 07:00:00.0000000, 0.11 ,ACORN-A,Affluent
MAC000002,Std,2012-10-29 07:30:00.0000000, 0.085 ,ACORN-A,Affluent
MAC000002,Std,2012-10-29 08:00:00.0000000, 0.174 ,ACORN-A,Affluent
MAC000002,Std,2012-10-29 08:30:00.0000000, 0.433 ,ACORN-A,Affluent
MAC000002,Std,2012-10-29 09:00:00.0000000, 0.977 ,ACORN-A,Affluent
MAC000002,Std,2012-10-29 09:30:00.0000000, 0.186 ,ACORN-A,Affluent
MAC000002,Std,2012-10-29 10:00:00.0000000, 0.081 ,ACORN-A,Affluent
MAC000002,Std,2012-10-29 10:30:00.0000000, 0.125 ,ACORN-A,Affluent
MAC000002,Std,2012-10-29 11:00:00.0000000, 0.078 ,ACORN-A,Affluent
MAC000002,Std,2012-10-29 11:30:00.0000000, 0.118 ,ACORN-A,Affluent
MAC000002,Std,2012-10-29 12:00:00.0000000, 0.095 ,ACORN-A,Affluent
MAC000002,Std,2012-10-29 12:30:00.0000000, 0.141 ,ACORN-A,Affluent
MAC000002,Std,2012-10-29 13:00:00.0000000, 0.496 ,ACORN-A,Affluent
MAC000002,Std,2012-10-29 13:30:00.0000000, 0.149 ,ACORN-A,Affluent
MAC000002,Std,2012-10-29 14:00:00.0000000, 1.012 ,ACORN-A,Affluent
MAC000002,Std,2012-10-29 14:30:00.0000000, 0.891 ,ACORN-A,Affluent
MAC000002,Std,2012-10-29 15:00:00.0000000, 0.17 ,ACORN-A,Affluent
MAC000002,Std,2012-10-29 15:30:00.0000000, 0.079 ,ACORN-A,Affluent
MAC000002,Std,2012-10-29 16:00:00.0000000, 0.118 ,ACORN-A,Affluent
MAC000002,Std,2012-10-29 16:30:00.0000000, 0.129 ,ACORN-A,Affluent
MAC000002,Std,2012-10-29 17:00:00.0000000, 0.102 ,ACORN-A,Affluent
MAC000002,Std,2012-10-29 17:30:00.0000000, 0.189 ,ACORN-A,Affluent
MAC000002,Std,2012-10-29 18:00:00.0000000, 0.303 ,ACORN-A,Affluent
MAC000002,Std,2012-10-29 18:30:00.0000000, 0.289 ,ACORN-A,Affluent
MAC000002,Std,2012-10-29 19:00:00.0000000, 0.21 ,ACORN-A,Affluent
MAC000002,Std,2012-10-29 19:30:00.0000000, 0.275 ,ACORN-A,Affluent
MAC000002,Std,2012-10-29 20:00:00.0000000, 1.058 ,ACORN-A,Affluent
MAC000002,Std,2012-10-29 20:30:00.0000000, 0.226 ,ACORN-A,Affluent
MAC000002,Std,2012-10-29 21:00:00.0000000, 0.177 ,ACORN-A,Affluent
MAC000002,Std,2012-10-29 21:30:00.0000000, 0.314 ,ACORN-A,Affluent
MAC000002,Std,2012-10-29 22:00:00.0000000, 0.227 ,ACORN-A,Affluent
MAC000002,Std,2012-10-29 22:30:00.0000000, 0.412 ,ACORN-A,Affluent
MAC000002,Std,2012-10-29 23:00:00.0000000, 0.446 ,ACORN-A,Affluent
MAC000002,Std,2012-10-29 23:30:00.0000000, 0.419 ,ACORN-A,Affluent
MAC000002,Std,2012-10-30 00:00:00.0000000, 0.651 ,ACORN-A,Affluent
MAC000002,Std,2012-10-30 00:30:00.0000000, 0.505 ,ACORN-A,Affluent
MAC000002,Std,2012-10-30 01:00:00.0000000, 0.431 ,ACORN-A,Affluent
MAC000002,Std,2012-10-30 01:30:00.0000000, 0.325 ,ACORN-A,Affluent
MAC000002,Std,2012-10-30 02:00:00.0000000, 0.302 ,ACORN-A,Affluent
MAC000002,Std,2012-10-30 02:30:00.0000000, 0.277 ,ACORN-A,Affluent
MAC000002,Std,2012-10-30 03:00:00.0000000, 0.13 ,ACORN-A,Affluent
MAC000002,Std,2012-10-30 03:30:00.0000000, 0.146 ,ACORN-A,Affluent
MAC000002,Std,2012-10-30 04:00:00.0000000, 0.075 ,ACORN-A,Affluent
MAC000002,Std,2012-10-30 04:30:00.0000000, 0.137 ,ACORN-A,Affluent
MAC000002,Std,2012-10-30 05:00:00.0000000, 0.073 ,ACORN-A,Affluent
MAC000002,Std,2012-10-30 05:30:00.0000000, 0.131 ,ACORN-A,Affluent
MAC000002,Std,2012-10-30 06:00:00.0000000, 0.072 ,ACORN-A,Affluent
MAC000002,Std,2012-10-30 06:30:00.0000000, 0.128 ,ACORN-A,Affluent
MAC000002,Std,2012-10-30 07:00:00.0000000, 0.079 ,ACORN-A,Affluent
MAC000002,Std,2012-10-30 07:30:00.0000000, 0.234 ,ACORN-A,Affluent
MAC000002,Std,2012-10-30 08:00:00.0000000, 0.399 ,ACORN-A,Affluent
MAC000002,Std,2012-10-30 08:30:00.0000000, 0.238 ,ACORN-A,Affluent
MAC000002,Std,2012-10-30 09:00:00.0000000, 0.267 ,ACORN-A,Affluent
MAC000002,Std,2012-10-30 09:30:00.0000000, 0.526 ,ACORN-A,Affluent
MAC000002,Std,2012-10-30 10:00:00.0000000, 0.128 ,ACORN-A,Affluent
MAC000002,Std,2012-10-30 10:30:00.0000000, 0.088 ,ACORN-A,Affluent
MAC000002,Std,2012-10-30 11:00:00.0000000, 0.117 ,ACORN-A,Affluent
MAC000002,Std,2012-10-30 11:30:00.0000000, 0.093 ,ACORN-A,Affluent
MAC000002,Std,2012-10-30 12:00:00.0000000, 0.104 ,ACORN-A,Affluent
MAC000002,Std,2012-10-30 12:30:00.0000000, 0.102 ,ACORN-A,Affluent
MAC000002,Std,2012-10-30 13:00:00.0000000, 0.094 ,ACORN-A,Affluent
MAC000002,Std,2012-10-30 13:30:00.0000000, 0.11 ,ACORN-A,Affluent
MAC000002,Std,2012-10-30 14:00:00.0000000, 0.09 ,ACORN-A,Affluent
MAC000002,Std,2012-10-30 14:30:00.0000000, 0.594 ,ACORN-A,Affluent
MAC000002,Std,2012-10-30 15:00:00.0000000, 0.112 ,ACORN-A,Affluent
MAC000002,Std,2012-10-30 15:30:00.0000000, 0.123 ,ACORN-A,Affluent
MAC000002,Std,2012-10-30 16:00:00.0000000, 0.073 ,ACORN-A,Affluent
MAC000002,Std,2012-10-30 16:30:00.0000000, 0.125 ,ACORN-A,Affluent
MAC000002,Std,2012-10-30 17:00:00.0000000, 0.07 ,ACORN-A,Affluent
MAC000002,Std,2012-10-30 17:30:00.0000000, 0.38 ,ACORN-A,Affluent
MAC000002,Std,2012-10-30 18:00:00.0000000, 0.738 ,ACORN-A,Affluent
MAC000002,Std,2012-10-30 18:30:00.0000000, 0.307 ,ACORN-A,Affluent
MAC000002,Std,2012-10-30 19:00:00.0000000, 0.221 ,ACORN-A,Affluent
MAC000002,Std,2012-10-30 19:30:00.0000000, 0.248 ,ACORN-A,Affluent
MAC000002,Std,2012-10-30 20:00:00.0000000, 0.656 ,ACORN-A,Affluent
MAC000002,Std,2012-10-30 20:30:00.0000000, 0.538 ,ACORN-A,Affluent
MAC000002,Std,2012-10-30 21:00:00.0000000, 0.893 ,ACORN-A,Affluent
MAC000002,Std,2012-10-30 21:30:00.0000000, 0.654 ,ACORN-A,Affluent
MAC000002,Std,2012-10-30 22:00:00.0000000, 0.422 ,ACORN-A,Affluent
MAC000002,Std,2012-10-30 22:30:00.0000000, 0.633 ,ACORN-A,Affluent
MAC000002,Std,2012-10-30 23:00:00.0000000, 0.697 ,ACORN-A,Affluent
MAC000002,Std,2012-10-30 23:30:00.0000000, 0.425 ,ACORN-A,Affluent
MAC000002,Std,2012-10-31 00:00:00.0000000, 0.522 ,ACORN-A,Affluent
MAC000002,Std,2012-10-31 00:30:00.0000000, 0.552 ,ACORN-A,Affluent
MAC000002,Std,2012-10-31 01:00:00.0000000, 0.475 ,ACORN-A,Affluent
MAC000002,Std,2012-10-31 01:30:00.0000000, 0.421 ,ACORN-A,Affluent
MAC000002,Std,2012-10-31 02:00:00.0000000, 0.301 ,ACORN-A,Affluent
MAC000002,Std,2012-10-31 02:30:00.0000000, 0.24 ,ACORN-A,Affluent
MAC000002,Std,2012-10-31 03:00:00.0000000, 0.27 ,ACORN-A,Affluent
MAC000002,Std,2012-10-31 03:30:00.0000000, 0.241 ,ACORN-A,Affluent
MAC000002,Std,2012-10-31 04:00:00.0000000, 0.142 ,ACORN-A,Affluent
MAC000002,Std,2012-10-31 04:30:00.0000000, 0.108 ,ACORN-A,Affluent
MAC000002,Std,2012-10-31 05:00:00.0000000, 0.105 ,ACORN-A,Affluent
MAC000002,Std,2012-10-31 05:30:00.0000000, 0.113 ,ACORN-A,Affluent
MAC000002,Std,2012-10-31 06:00:00.0000000, 0.097 ,ACORN-A,Affluent
MAC000002,Std,2012-10-31 06:30:00.0000000, 0.121 ,ACORN-A,Affluent
MAC000002,Std,2012-10-31 07:00:00.0000000, 0.085 ,ACORN-A,Affluent
MAC000002,Std,2012-10-31 07:30:00.0000000, 0.132 ,ACORN-A,Affluent
MAC000002,Std,2012-10-31 08:00:00.0000000, 0.148 ,ACORN-A,Affluent
MAC000002,Std,2012-10-31 08:30:00.0000000, 0.154 ,ACORN-A,Affluent
MAC000002,Std,2012-10-31 09:00:00.0000000, 0.207 ,ACORN-A,Affluent
MAC000002,Std,2012-10-31 09:30:00.0000000, 0.325 ,ACORN-A,Affluent
MAC000002,Std,2012-10-31 10:00:00.0000000, 0.386 ,ACORN-A,Affluent
MAC000002,Std,2012-10-31 10:30:00.0000000, 0.848 ,ACORN-A,Affluent
MAC000002,Std,2012-10-31 11:00:00.0000000, 1.437 ,ACORN-A,Affluent
MAC000002,Std,2012-10-31 11:30:00.0000000, 0.831 ,ACORN-A,Affluent
MAC000002,Std,2012-10-31 12:00:00.0000000, 0.438 ,ACORN-A,Affluent
MAC000002,Std,2012-10-31 12:30:00.0000000, 0.267 ,ACORN-A,Affluent
MAC000002,Std,2012-10-31 13:00:00.0000000, 0.752 ,ACORN-A,Affluent
MAC000002,Std,2012-10-31 13:30:00.0000000, 0.288 ,ACORN-A,Affluent
MAC000002,Std,2012-10-31 14:00:00.0000000, 0.18 ,ACORN-A,Affluent
MAC000002,Std,2012-10-31 14:30:00.0000000, 0.177 ,ACORN-A,Affluent
MAC000002,Std,2012-10-31 15:00:00.0000000, 0.138 ,ACORN-A,Affluent
MAC000002,Std,2012-10-31 15:30:00.0000000, 0.187 ,ACORN-A,Affluent
MAC000002,Std,2012-10-31 16:00:00.0000000, 0.141 ,ACORN-A,Affluent
MAC000002,Std,2012-10-31 16:30:00.0000000, 0.174 ,ACORN-A,Affluent
MAC000002,Std,2012-10-31 17:00:00.0000000, 0.162 ,ACORN-A,Affluent
MAC000002,Std,2012-10-31 17:30:00.0000000, 0.309 ,ACORN-A,Affluent
MAC000002,Std,2012-10-31 18:00:00.0000000, 0.249 ,ACORN-A,Affluent
MAC000002,Std,2012-10-31 18:30:00.0000000, 0.619 ,ACORN-A,Affluent
MAC000002,Std,2012-10-31 19:00:00.0000000, 0.346 ,ACORN-A,Affluent
MAC000002,Std,2012-10-31 19:30:00.0000000, 0.291 ,ACORN-A,Affluent
MAC000002,Std,2012-10-31 20:00:00.0000000, 0.333 ,ACORN-A,Affluent
MAC000002,Std,2012-10-31 20:30:00.0000000, 0.368 ,ACORN-A,Affluent
MAC000002,Std,2012-10-31 21:00:00.0000000, 0.951 ,ACORN-A,Affluent
MAC000002,Std,2012-10-31 21:30:00.0000000, 1.4450001 ,ACORN-A,Affluent
MAC000002,Std,2012-10-31 22:00:00.0000000, 0.946 ,ACORN-A,Affluent
MAC000002,Std,2012-10-31 22:30:00.0000000, 0.305 ,ACORN-A,Affluent
MAC000002,Std,2012-10-31 23:00:00.0000000, 0.243 ,ACORN-A,Affluent
MAC000002,Std,2012-10-31 23:30:00.0000000, 0.252 ,ACORN-A,Affluent
MAC000002,Std,2012-11-01 00:00:00.0000000, 0.252 ,ACORN-A,Affluent
MAC000002,Std,2012-11-01 00:30:00.0000000, 0.241 ,ACORN-A,Affluent
MAC000002,Std,2012-11-01 01:00:00.0000000, 0.23 ,ACORN-A,Affluent
MAC000002,Std,2012-11-01 01:30:00.0000000, 0.209 ,ACORN-A,Affluent
MAC000002,Std,2012-11-01 02:00:00.0000000, 0.231 ,ACORN-A,Affluent
MAC000002,Std,2012-11-01 02:30:00.0000000, 0.193 ,ACORN-A,Affluent
MAC000002,Std,2012-11-01 03:00:00.0000000, 0.186 ,ACORN-A,Affluent
MAC000002,Std,2012-11-01 03:30:00.0000000, 0.148 ,ACORN-A,Affluent
MAC000002,Std,2012-11-01 04:00:00.0000000, 0.183 ,ACORN-A,Affluent
MAC000002,Std,2012-11-01 04:30:00.0000000, 0.147 ,ACORN-A,Affluent
MAC000002,Std,2012-11-01 05:00:00.0000000, 0.184 ,ACORN-A,Affluent
MAC000002,Std,2012-11-01 05:30:00.0000000, 0.142 ,ACORN-A,Affluent
MAC000002,Std,2012-11-01 06:00:00.0000000, 0.183 ,ACORN-A,Affluent
MAC000002,Std,2012-11-01 06:30:00.0000000, 0.139 ,ACORN-A,Affluent
MAC000002,Std,2012-11-01 07:00:00.0000000, 0.182 ,ACORN-A,Affluent
MAC000002,Std,2012-11-01 07:30:00.0000000, 0.139 ,ACORN-A,Affluent
MAC000002,Std,2012-11-01 08:00:00.0000000, 0.179 ,ACORN-A,Affluent
MAC000002,Std,2012-11-01 08:30:00.0000000, 0.148 ,ACORN-A,Affluent
MAC000002,Std,2012-11-01 09:00:00.0000000, 0.254 ,ACORN-A,Affluent
MAC000002,Std,2012-11-01 09:30:00.0000000, 0.232 ,ACORN-A,Affluent
MAC000002,Std,2012-11-01 10:00:00.0000000, 0.607 ,ACORN-A,Affluent
MAC000002,Std,2012-11-01 10:30:00.0000000, 0.395 ,ACORN-A,Affluent
MAC000002,Std,2012-11-01 11:00:00.0000000, 0.204 ,ACORN-A,Affluent
MAC000002,Std,2012-11-01 11:30:00.0000000, 0.162 ,ACORN-A,Affluent
MAC000002,Std,2012-11-01 12:00:00.0000000, 0.161 ,ACORN-A,Affluent
MAC000002,Std,2012-11-01 12:30:00.0000000, 0.747 ,ACORN-A,Affluent
MAC000002,Std,2012-11-01 13:00:00.0000000, 0.176 ,ACORN-A,Affluent
MAC000002,Std,2012-11-01 13:30:00.0000000, 0.185 ,ACORN-A,Affluent
MAC000002,Std,2012-11-01 14:00:00.0000000, 0.174 ,ACORN-A,Affluent
MAC000002,Std,2012-11-01 14:30:00.0000000, 0.18 ,ACORN-A,Affluent
MAC000002,Std,2012-11-01 15:00:00.0000000, 0.17 ,ACORN-A,Affluent
MAC000002,Std,2012-11-01 15:30:00.0000000, 0.185 ,ACORN-A,Affluent
MAC000002,Std,2012-11-01 16:00:00.0000000, 0.133 ,ACORN-A,Affluent
MAC000002,Std,2012-11-01 16:30:00.0000000, 0.221 ,ACORN-A,Affluent
MAC000002,Std,2012-11-01 17:00:00.0000000, 0.127 ,ACORN-A,Affluent
MAC000002,Std,2012-11-01 17:30:00.0000000, 0.227 ,ACORN-A,Affluent
MAC000002,Std,2012-11-01 18:00:00.0000000, 0.36 ,ACORN-A,Affluent
MAC000002,Std,2012-11-01 18:30:00.0000000, 0.356 ,ACORN-A,Affluent
MAC000002,Std,2012-11-01 19:00:00.0000000, 0.315 ,ACORN-A,Affluent
MAC000002,Std,2012-11-01 19:30:00.0000000, 0.332 ,ACORN-A,Affluent
